Country,Year,Low birth weight (in thousands),Low birth weight prevalence (%)
Albania, 2015,1.6 ,4.6 
Albania, 2014,1.6 ,4.6 
Albania, 2013,1.6 ,4.6 
Albania, 2012,1.6 ,4.6 
Albania, 2011,1.6 ,4.6 
Albania, 2010,1.6 ,4.7 
Albania, 2009,1.6 ,4.7 
Albania, 2008,1.7 ,4.7 
Albania, 2007,1.7 ,4.7 
Albania, 2006,1.8 ,4.7 
Albania, 2005,1.9 ,4.8 
Albania, 2004,2.0 ,4.8 
Albania, 2003,2.1 ,4.8 
Albania, 2002,2.2 ,4.8 
Albania, 2001,2.3 ,4.8 
Albania, 2000,2.5 ,4.9 
Algeria, 2015,68.8 ,7.3 
Algeria, 2014,69.5 ,7.3 
Algeria, 2013,69.5 ,7.3 
Algeria, 2012,68.9 ,7.3 
Algeria, 2011,67.7 ,7.3 
Algeria, 2010,66.0 ,7.3 
Algeria, 2009,63.6 ,7.4 
Algeria, 2008,60.9 ,7.4 
Algeria, 2007,58.0 ,7.4 
Algeria, 2006,55.2 ,7.5 
Algeria, 2005,52.6 ,7.5 
Algeria, 2004,50.4 ,7.6 
Algeria, 2003,48.6 ,7.6 
Algeria, 2002,47.4 ,7.7 
Algeria, 2001,46.9 ,7.7 
Algeria, 2000,47.1 ,7.7 
Andorra, 2015,0.1 ,7.4 
Andorra, 2014,0.1 ,7.5 
Andorra, 2013,0.1 ,7.5 
Andorra, 2012,0.1 ,7.5 
Andorra, 2011,0.1 ,7.4 
Andorra, 2010,0.1 ,7.4 
Andorra, 2009,0.1 ,7.4 
Andorra, 2008,0.0 ,7.4 
Andorra, 2007,0.0 ,7.4 
Andorra, 2006,0.0 ,7.4 
Andorra, 2005,0.0 ,7.5 
Andorra, 2004,0.0 ,7.5 
Andorra, 2003,0.0 ,7.5 
Andorra, 2002,0.0 ,7.5 
Andorra, 2001,0.1 ,7.5 
Andorra, 2000,0.1 ,7.5 
Angola, 2015,180.2 ,15.3 
Angola, 2014,178.3 ,15.4 
Angola, 2013,176.5 ,15.6 
Angola, 2012,174.7 ,15.8 
Angola, 2011,172.9 ,15.9 
Angola, 2010,170.9 ,16.1 
Angola, 2009,169.1 ,16.3 
Angola, 2008,167.1 ,16.5 
Angola, 2007,165.2 ,16.7 
Angola, 2006,162.8 ,16.9 
Angola, 2005,160.4 ,17.1 
Angola, 2004,157.7 ,17.3 
Angola, 2003,155.0 ,17.5 
Angola, 2002,152.0 ,17.7 
Angola, 2001,149.6 ,17.9 
Angola, 2000,146.7 ,18.0 
Antigua and Barbuda, 2015,0.1 ,9.1 
Antigua and Barbuda, 2014,0.1 ,9.1 
Antigua and Barbuda, 2013,0.1 ,9.1 
Antigua and Barbuda, 2012,0.1 ,9.1 
Antigua and Barbuda, 2011,0.1 ,9.1 
Antigua and Barbuda, 2010,0.1 ,9.1 
Antigua and Barbuda, 2009,0.2 ,9.2 
Antigua and Barbuda, 2008,0.2 ,9.2 
Antigua and Barbuda, 2007,0.2 ,9.2 
Antigua and Barbuda, 2006,0.2 ,9.2 
Antigua and Barbuda, 2005,0.2 ,9.3 
Antigua and Barbuda, 2004,0.2 ,9.3 
Antigua and Barbuda, 2003,0.2 ,9.3 
Antigua and Barbuda, 2002,0.2 ,9.4 
Antigua and Barbuda, 2001,0.2 ,9.4 
Antigua and Barbuda, 2000,0.2 ,9.4 
Argentina, 2015,55.4 ,7.3 
Argentina, 2014,54.5 ,7.2 
Argentina, 2013,53.9 ,7.1 
Argentina, 2012,53.6 ,7.1 
Argentina, 2011,53.5 ,7.1 
Argentina, 2010,53.6 ,7.2 
Argentina, 2009,53.9 ,7.2 
Argentina, 2008,54.2 ,7.3 
Argentina, 2007,54.5 ,7.4 
Argentina, 2006,54.9 ,7.4 
Argentina, 2005,55.2 ,7.5 
Argentina, 2004,55.3 ,7.5 
Argentina, 2003,55.2 ,7.5 
Argentina, 2002,54.8 ,7.5 
Argentina, 2001,54.1 ,7.5 
Argentina, 2000,53.1 ,7.4 
Armenia, 2015,3.6 ,9.0 
Armenia, 2014,3.5 ,8.6 
Armenia, 2013,3.4 ,8.2 
Armenia, 2012,3.4 ,8.0 
Armenia, 2011,3.4 ,7.7 
Armenia, 2010,3.3 ,7.6 
Armenia, 2009,3.3 ,7.5 
Armenia, 2008,3.3 ,7.4 
Armenia, 2007,3.2 ,7.4 
Armenia, 2006,3.2 ,7.4 
Armenia, 2005,3.2 ,7.5 
Armenia, 2004,3.2 ,7.6 
Armenia, 2003,3.1 ,7.7 
Armenia, 2002,3.1 ,7.8 
Armenia, 2001,3.2 ,8.0 
Armenia, 2000,3.2 ,8.2 
Australia, 2015,20.3 ,6.5 
Australia, 2014,19.8 ,6.4 
Australia, 2013,19.4 ,6.3 
Australia, 2012,19.1 ,6.3 
Australia, 2011,18.9 ,6.2 
Australia, 2010,18.7 ,6.2 
Australia, 2009,18.5 ,6.2 
Australia, 2008,18.2 ,6.2 
Australia, 2007,17.9 ,6.3 
Australia, 2006,17.5 ,6.3 
Australia, 2005,17.1 ,6.3 
Australia, 2004,16.7 ,6.4 
Australia, 2003,16.3 ,6.4 
Australia, 2002,16.0 ,6.4 
Australia, 2001,15.8 ,6.3 
Australia, 2000,15.6 ,6.3 
Austria, 2015,5.4 ,6.5 
Austria, 2014,5.5 ,6.6 
Austria, 2013,5.5 ,6.8 
Austria, 2012,5.5 ,6.9 
Austria, 2011,5.5 ,6.9 
Austria, 2010,5.5 ,7.0 
Austria, 2009,5.5 ,7.1 
Austria, 2008,5.5 ,7.1 
Austria, 2007,5.5 ,7.1 
Austria, 2006,5.5 ,7.1 
Austria, 2005,5.4 ,7.0 
Austria, 2004,5.4 ,7.0 
Austria, 2003,5.3 ,6.9 
Austria, 2002,5.3 ,6.7 
Austria, 2001,5.2 ,6.6 
Austria, 2000,5.1 ,6.4 
Azerbaijan, 2015,12.8 ,7.3 
Azerbaijan, 2014,12.7 ,7.1 
Azerbaijan, 2013,12.5 ,7.1 
Azerbaijan, 2012,12.3 ,7.0 
Azerbaijan, 2011,12.0 ,7.1 
Azerbaijan, 2010,11.7 ,7.1 
Azerbaijan, 2009,11.4 ,7.2 
Azerbaijan, 2008,11.1 ,7.3 
Azerbaijan, 2007,10.7 ,7.4 
Azerbaijan, 2006,10.5 ,7.4 
Azerbaijan, 2005,10.3 ,7.4 
Azerbaijan, 2004,10.1 ,7.4 
Azerbaijan, 2003,9.9 ,7.3 
Azerbaijan, 2002,9.7 ,7.1 
Azerbaijan, 2001,9.5 ,6.9 
Azerbaijan, 2000,9.2 ,6.5 
Bahamas, 2015,0.7 ,13.1 
Bahamas, 2014,0.7 ,13.2 
Bahamas, 2013,0.7 ,13.2 
Bahamas, 2012,0.7 ,13.2 
Bahamas, 2011,0.7 ,13.2 
Bahamas, 2010,0.7 ,13.3 
Bahamas, 2009,0.7 ,13.3 
Bahamas, 2008,0.7 ,13.3 
Bahamas, 2007,0.7 ,13.3 
Bahamas, 2006,0.7 ,13.3 
Bahamas, 2005,0.7 ,13.3 
Bahamas, 2004,0.7 ,13.3 
Bahamas, 2003,0.7 ,13.3 
Bahamas, 2002,0.7 ,13.3 
Bahamas, 2001,0.7 ,13.4 
Bahamas, 2000,0.7 ,13.4 
Bahrain, 2015,2.6 ,11.9 
Bahrain, 2014,2.4 ,11.2 
Bahrain, 2013,2.2 ,10.6 
Bahrain, 2012,2.1 ,10.2 
Bahrain, 2011,2.0 ,9.8 
Bahrain, 2010,1.9 ,9.5 
Bahrain, 2009,1.8 ,9.3 
Bahrain, 2008,1.7 ,9.1 
Bahrain, 2007,1.6 ,9.0 
Bahrain, 2006,1.6 ,8.9 
Bahrain, 2005,1.5 ,8.9 
Bahrain, 2004,1.5 ,8.8 
Bahrain, 2003,1.4 ,8.8 
Bahrain, 2002,1.4 ,8.7 
Bahrain, 2001,1.3 ,8.6 
Bahrain, 2000,1.3 ,8.5 
Bangladesh, 2015,864.8 ,27.8 
Bangladesh, 2014,882.0 ,28.2 
Bangladesh, 2013,900.7 ,28.6 
Bangladesh, 2012,921.3 ,29.0 
Bangladesh, 2011,944.2 ,29.5 
Bangladesh, 2010,970.0 ,30.0 
Bangladesh, 2009,997.4 ,30.5 
Bangladesh, 2008,1027.7 ,31.0 
Bangladesh, 2007,1059.9 ,31.6 
Bangladesh, 2006,1094.7 ,32.1 
Bangladesh, 2005,1130.7 ,32.7 
Bangladesh, 2004,1168.8 ,33.4 
Bangladesh, 2003,1205.9 ,34.0 
Bangladesh, 2002,1244.0 ,34.7 
Bangladesh, 2001,1281.5 ,35.5 
Bangladesh, 2000,1318.0 ,36.2 
Belarus, 2015,5.8 ,5.1 
Belarus, 2014,5.7 ,5.0 
Belarus, 2013,5.6 ,4.9 
Belarus, 2012,5.6 ,4.9 
Belarus, 2011,5.5 ,5.0 
Belarus, 2010,5.5 ,5.0 
Belarus, 2009,5.4 ,5.1 
Belarus, 2008,5.3 ,5.1 
Belarus, 2007,5.2 ,5.2 
Belarus, 2006,5.1 ,5.3 
Belarus, 2005,5.0 ,5.3 
Belarus, 2004,4.9 ,5.3 
Belarus, 2003,4.8 ,5.3 
Belarus, 2002,4.7 ,5.3 
Belarus, 2001,4.6 ,5.2 
Belarus, 2000,4.5 ,5.0 
Belgium, 2015,9.4 ,7.3 
Belgium, 2014,9.1 ,7.1 
Belgium, 2013,8.9 ,7.0 
Belgium, 2012,8.8 ,6.9 
Belgium, 2011,8.7 ,6.9 
Belgium, 2010,8.7 ,6.9 
Belgium, 2009,8.7 ,6.9 
Belgium, 2008,8.6 ,6.9 
Belgium, 2007,8.6 ,7.0 
Belgium, 2006,8.6 ,7.0 
Belgium, 2005,8.5 ,7.1 
Belgium, 2004,8.4 ,7.1 
Belgium, 2003,8.4 ,7.2 
Belgium, 2002,8.3 ,7.2 
Belgium, 2001,8.3 ,7.2 
Belgium, 2000,8.2 ,7.2 
Belize, 2015,0.7 ,8.6 
Belize, 2014,0.7 ,8.6 
Belize, 2013,0.7 ,8.6 
Belize, 2012,0.7 ,8.7 
Belize, 2011,0.7 ,8.7 
Belize, 2010,0.7 ,8.7 
Belize, 2009,0.7 ,8.7 
Belize, 2008,0.7 ,8.7 
Belize, 2007,0.7 ,8.8 
Belize, 2006,0.7 ,8.8 
Belize, 2005,0.7 ,8.8 
Belize, 2004,0.7 ,8.8 
Belize, 2003,0.7 ,8.9 
Belize, 2002,0.7 ,8.9 
Belize, 2001,0.7 ,8.9 
Belize, 2000,0.7 ,9.0 
Benin, 2015,67.0 ,16.9 
Benin, 2014,66.2 ,17.0 
Benin, 2013,65.4 ,17.1 
Benin, 2012,64.6 ,17.2 
Benin, 2011,63.7 ,17.2 
Benin, 2010,62.7 ,17.3 
Benin, 2009,61.7 ,17.4 
Benin, 2008,60.7 ,17.5 
Benin, 2007,59.8 ,17.6 
Benin, 2006,58.9 ,17.7 
Benin, 2005,57.9 ,17.8 
Benin, 2004,57.2 ,18.0 
Benin, 2003,56.5 ,18.1 
Benin, 2002,55.8 ,18.3 
Benin, 2001,55.2 ,18.5 
Benin, 2000,54.6 ,18.7 
Bhutan, 2015,1.7 ,11.7 
Bhutan, 2014,1.7 ,11.8 
Bhutan, 2013,1.7 ,11.8 
Bhutan, 2012,1.8 ,11.9 
Bhutan, 2011,1.8 ,12.1 
Bhutan, 2010,1.8 ,12.2 
Bhutan, 2009,1.9 ,12.3 
Bhutan, 2008,1.9 ,12.5 
Bhutan, 2007,1.9 ,12.6 
Bhutan, 2006,2.0 ,12.8 
Bhutan, 2005,2.0 ,12.9 
Bhutan, 2004,2.0 ,13.1 
Bhutan, 2003,2.1 ,13.3 
Bhutan, 2002,2.1 ,13.4 
Bhutan, 2001,2.2 ,13.6 
Bhutan, 2000,2.2 ,13.8 
Bolivia (Plurinational State of), 2015,18.3 ,7.2 
Bolivia (Plurinational State of), 2014,18.3 ,7.3 
Bolivia (Plurinational State of), 2013,18.4 ,7.3 
Bolivia (Plurinational State of), 2012,18.5 ,7.3 
Bolivia (Plurinational State of), 2011,18.6 ,7.4 
Bolivia (Plurinational State of), 2010,18.8 ,7.4 
Bolivia (Plurinational State of), 2009,19.0 ,7.5 
Bolivia (Plurinational State of), 2008,19.2 ,7.5 
Bolivia (Plurinational State of), 2007,19.4 ,7.6 
Bolivia (Plurinational State of), 2006,19.7 ,7.7 
Bolivia (Plurinational State of), 2005,19.9 ,7.7 
Bolivia (Plurinational State of), 2004,20.0 ,7.8 
Bolivia (Plurinational State of), 2003,20.1 ,7.8 
Bolivia (Plurinational State of), 2002,20.2 ,7.8 
Bolivia (Plurinational State of), 2001,20.4 ,7.9 
Bolivia (Plurinational State of), 2000,20.5 ,8.0 
Bosnia and Herzegovina, 2015,1.1 ,3.4 
Bosnia and Herzegovina, 2014,1.1 ,3.4 
Bosnia and Herzegovina, 2013,1.1 ,3.4 
Bosnia and Herzegovina, 2012,1.1 ,3.4 
Bosnia and Herzegovina, 2011,1.2 ,3.4 
Bosnia and Herzegovina, 2010,1.2 ,3.4 
Bosnia and Herzegovina, 2009,1.2 ,3.4 
Bosnia and Herzegovina, 2008,1.2 ,3.4 
Bosnia and Herzegovina, 2007,1.2 ,3.4 
Bosnia and Herzegovina, 2006,1.2 ,3.4 
Bosnia and Herzegovina, 2005,1.2 ,3.5 
Bosnia and Herzegovina, 2004,1.2 ,3.5 
Bosnia and Herzegovina, 2003,1.3 ,3.5 
Bosnia and Herzegovina, 2002,1.3 ,3.5 
Bosnia and Herzegovina, 2001,1.4 ,3.5 
Bosnia and Herzegovina, 2000,1.5 ,3.5 
Botswana, 2015,8.3 ,15.6 
Botswana, 2014,8.4 ,15.7 
Botswana, 2013,8.4 ,15.8 
Botswana, 2012,8.3 ,15.9 
Botswana, 2011,8.3 ,15.9 
Botswana, 2010,8.2 ,16.0 
Botswana, 2009,8.1 ,16.1 
Botswana, 2008,8.0 ,16.1 
Botswana, 2007,7.9 ,16.2 
Botswana, 2006,7.8 ,16.3 
Botswana, 2005,7.8 ,16.3 
Botswana, 2004,7.8 ,16.3 
Botswana, 2003,7.7 ,16.3 
Botswana, 2002,7.7 ,16.3 
Botswana, 2001,7.7 ,16.3 
Botswana, 2000,7.8 ,16.3 
Brazil, 2015,248.6 ,8.4 
Brazil, 2014,251.3 ,8.4 
Brazil, 2013,253.3 ,8.4 
Brazil, 2012,254.9 ,8.4 
Brazil, 2011,256.0 ,8.4 
Brazil, 2010,257.0 ,8.4 
Brazil, 2009,258.2 ,8.4 
Brazil, 2008,259.6 ,8.4 
Brazil, 2007,261.5 ,8.3 
Brazil, 2006,263.8 ,8.3 
Brazil, 2005,266.5 ,8.2 
Brazil, 2004,269.4 ,8.2 
Brazil, 2003,272.1 ,8.1 
Brazil, 2002,274.5 ,8.0 
Brazil, 2001,276.2 ,7.9 
Brazil, 2000,276.9 ,7.8 
Brunei Darussalam, 2015,0.7 ,10.8 
Brunei Darussalam, 2014,0.8 ,11.5 
Brunei Darussalam, 2013,0.8 ,12.0 
Brunei Darussalam, 2012,0.8 ,12.1 
Brunei Darussalam, 2011,0.8 ,12.1 
Brunei Darussalam, 2010,0.8 ,11.8 
Brunei Darussalam, 2009,0.7 ,11.4 
Brunei Darussalam, 2008,0.7 ,10.9 
Brunei Darussalam, 2007,0.7 ,10.4 
Brunei Darussalam, 2006,0.6 ,9.9 
Brunei Darussalam, 2005,0.6 ,9.5 
Brunei Darussalam, 2004,0.6 ,9.2 
Brunei Darussalam, 2003,0.6 ,9.1 
Brunei Darussalam, 2002,0.6 ,9.2 
Brunei Darussalam, 2001,0.7 ,9.5 
Brunei Darussalam, 2000,0.7 ,10.3 
Bulgaria, 2015,6.4 ,9.6 
Bulgaria, 2014,6.5 ,9.5 
Bulgaria, 2013,6.5 ,9.5 
Bulgaria, 2012,6.6 ,9.4 
Bulgaria, 2011,6.6 ,9.4 
Bulgaria, 2010,6.6 ,9.3 
Bulgaria, 2009,6.6 ,9.2 
Bulgaria, 2008,6.5 ,9.1 
Bulgaria, 2007,6.4 ,9.0 
Bulgaria, 2006,6.3 ,8.9 
Bulgaria, 2005,6.2 ,8.8 
Bulgaria, 2004,6.0 ,8.7 
Bulgaria, 2003,5.8 ,8.7 
Bulgaria, 2002,5.7 ,8.6 
Bulgaria, 2001,5.6 ,8.6 
Bulgaria, 2000,5.6 ,8.6 
Burkina Faso, 2015,94.0 ,13.1 
Burkina Faso, 2014,93.3 ,13.2 
Burkina Faso, 2013,92.6 ,13.4 
Burkina Faso, 2012,92.0 ,13.5 
Burkina Faso, 2011,91.5 ,13.6 
Burkina Faso, 2010,91.0 ,13.8 
Burkina Faso, 2009,90.8 ,13.9 
Burkina Faso, 2008,90.4 ,14.1 
Burkina Faso, 2007,90.0 ,14.3 
Burkina Faso, 2006,89.9 ,14.6 
Burkina Faso, 2005,89.6 ,14.8 
Burkina Faso, 2004,89.2 ,15.1 
Burkina Faso, 2003,88.6 ,15.3 
Burkina Faso, 2002,87.7 ,15.5 
Burkina Faso, 2001,86.5 ,15.7 
Burkina Faso, 2000,85.1 ,15.8 
Burundi, 2015,66.2 ,15.1 
Burundi, 2014,65.2 ,15.3 
Burundi, 2013,64.0 ,15.4 
Burundi, 2012,62.8 ,15.5 
Burundi, 2011,61.6 ,15.6 
Burundi, 2010,60.3 ,15.7 
Burundi, 2009,58.9 ,15.9 
Burundi, 2008,57.5 ,16.1 
Burundi, 2007,56.0 ,16.2 
Burundi, 2006,54.5 ,16.4 
Burundi, 2005,52.9 ,16.6 
Burundi, 2004,51.5 ,16.8 
Burundi, 2003,50.1 ,17.0 
Burundi, 2002,49.0 ,17.1 
Burundi, 2001,48.2 ,17.3 
Burundi, 2000,47.6 ,17.4 
Cambodia, 2015,44.6 ,12.1 
Cambodia, 2014,45.0 ,12.2 
Cambodia, 2013,45.5 ,12.4 
Cambodia, 2012,46.1 ,12.6 
Cambodia, 2011,46.6 ,12.7 
Cambodia, 2010,47.1 ,12.9 
Cambodia, 2009,47.4 ,13.0 
Cambodia, 2008,47.6 ,13.2 
Cambodia, 2007,47.8 ,13.4 
Cambodia, 2006,47.8 ,13.6 
Cambodia, 2005,48.0 ,13.8 
Cambodia, 2004,48.2 ,14.1 
Cambodia, 2003,48.8 ,14.4 
Cambodia, 2002,49.7 ,14.7 
Cambodia, 2001,50.9 ,15.1 
Cambodia, 2000,52.4 ,15.4 
Cameroon, 2015,100.7 ,12.0 
Cameroon, 2014,100.0 ,12.0 
Cameroon, 2013,99.1 ,12.1 
Cameroon, 2012,98.3 ,12.1 
Cameroon, 2011,97.4 ,12.2 
Cameroon, 2010,96.5 ,12.3 
Cameroon, 2009,95.3 ,12.3 
Cameroon, 2008,94.0 ,12.4 
Cameroon, 2007,92.6 ,12.5 
Cameroon, 2006,91.3 ,12.5 
Cameroon, 2005,89.8 ,12.6 
Cameroon, 2004,88.2 ,12.7 
Cameroon, 2003,86.7 ,12.8 
Cameroon, 2002,85.3 ,12.9 
Cameroon, 2001,84.1 ,13.0 
Cameroon, 2000,83.1 ,13.1 
Canada, 2015,24.7 ,6.4 
Canada, 2014,24.3 ,6.3 
Canada, 2013,24.0 ,6.2 
Canada, 2012,23.8 ,6.2 
Canada, 2011,23.5 ,6.2 
Canada, 2010,23.2 ,6.1 
Canada, 2009,22.9 ,6.1 
Canada, 2008,22.5 ,6.1 
Canada, 2007,22.0 ,6.0 
Canada, 2006,21.4 ,6.0 
Canada, 2005,20.8 ,6.0 
Canada, 2004,20.2 ,5.9 
Canada, 2003,19.7 ,5.8 
Canada, 2002,19.2 ,5.8 
Canada, 2001,18.7 ,5.6 
Canada, 2000,18.4 ,5.5 
Central African Republic, 2015,24.1 ,14.5 
Central African Republic, 2014,24.3 ,14.6 
Central African Republic, 2013,24.6 ,14.7 
Central African Republic, 2012,24.8 ,14.8 
Central African Republic, 2011,25.0 ,14.9 
Central African Republic, 2010,25.1 ,15.0 
Central African Republic, 2009,25.2 ,15.1 
Central African Republic, 2008,25.2 ,15.2 
Central African Republic, 2007,25.1 ,15.2 
Central African Republic, 2006,25.0 ,15.3 
Central African Republic, 2005,24.8 ,15.3 
Central African Republic, 2004,24.6 ,15.3 
Central African Republic, 2003,24.3 ,15.4 
Central African Republic, 2002,23.9 ,15.4 
Central African Republic, 2001,23.6 ,15.4 
Central African Republic, 2000,23.2 ,15.4 
Chile, 2015,14.9 ,6.2 
Chile, 2014,14.8 ,6.2 
Chile, 2013,14.7 ,6.1 
Chile, 2012,14.7 ,6.0 
Chile, 2011,14.6 ,6.0 
Chile, 2010,14.6 ,5.9 
Chile, 2009,14.5 ,5.9 
Chile, 2008,14.5 ,5.8 
Chile, 2007,14.4 ,5.8 
Chile, 2006,14.3 ,5.7 
Chile, 2005,14.2 ,5.7 
Chile, 2004,14.1 ,5.6 
Chile, 2003,13.9 ,5.5 
Chile, 2002,13.8 ,5.4 
Chile, 2001,13.7 ,5.3 
Chile, 2000,13.6 ,5.2 
China, 2015,846.9 ,5.0 
China, 2014,860.2 ,5.0 
China, 2013,869.3 ,5.0 
China, 2012,874.0 ,5.0 
China, 2011,879.3 ,5.1 
China, 2010,879.6 ,5.1 
China, 2009,882.1 ,5.1 
China, 2008,879.9 ,5.2 
China, 2007,879.3 ,5.2 
China, 2006,884.3 ,5.3 
China, 2005,885.9 ,5.4 
China, 2004,893.0 ,5.4 
China, 2003,901.7 ,5.5 
China, 2002,909.9 ,5.6 
China, 2001,923.6 ,5.7 
China, 2000,940.6 ,5.8 
Colombia, 2015,74.3 ,10.0 
Colombia, 2014,75.2 ,10.0 
Colombia, 2013,76.2 ,10.0 
Colombia, 2012,77.2 ,10.0 
Colombia, 2011,78.2 ,10.1 
Colombia, 2010,79.3 ,10.1 
Colombia, 2009,80.3 ,10.1 
Colombia, 2008,81.4 ,10.2 
Colombia, 2007,82.6 ,10.2 
Colombia, 2006,83.7 ,10.2 
Colombia, 2005,84.9 ,10.3 
Colombia, 2004,85.9 ,10.3 
Colombia, 2003,86.8 ,10.4 
Colombia, 2002,87.6 ,10.4 
Colombia, 2001,88.3 ,10.4 
Colombia, 2000,89.0 ,10.5 
Comoros, 2015,6.1 ,23.7 
Comoros, 2014,6.1 ,23.9 
Comoros, 2013,6.1 ,24.1 
Comoros, 2012,6.1 ,24.2 
Comoros, 2011,6.0 ,24.4 
Comoros, 2010,6.0 ,24.6 
Comoros, 2009,5.9 ,24.8 
Comoros, 2008,5.9 ,24.9 
Comoros, 2007,5.8 ,25.1 
Comoros, 2006,5.7 ,25.3 
Comoros, 2005,5.7 ,25.4 
Comoros, 2004,5.6 ,25.5 
Comoros, 2003,5.5 ,25.7 
Comoros, 2002,5.4 ,25.8 
Comoros, 2001,5.4 ,25.9 
Comoros, 2000,5.3 ,25.9 
Congo, 2015,20.5 ,11.6 
Congo, 2014,20.4 ,11.7 
Congo, 2013,20.4 ,11.8 
Congo, 2012,20.3 ,11.8 
Congo, 2011,20.2 ,11.9 
Congo, 2010,20.0 ,12.1 
Congo, 2009,19.9 ,12.2 
Congo, 2008,19.7 ,12.3 
Congo, 2007,19.4 ,12.5 
Congo, 2006,19.2 ,12.7 
Congo, 2005,18.9 ,12.8 
Congo, 2004,18.6 ,13.0 
Congo, 2003,18.3 ,13.2 
Congo, 2002,17.9 ,13.3 
Congo, 2001,17.5 ,13.4 
Congo, 2000,17.1 ,13.5 
Cook Islands, 2015,0.0 ,3.5 
Cook Islands, 2014,0.0 ,3.5 
Cook Islands, 2013,0.0 ,3.5 
Cook Islands, 2012,0.0 ,3.5 
Cook Islands, 2011,0.0 ,3.5 
Cook Islands, 2010,0.0 ,3.6 
Cook Islands, 2009,0.0 ,3.6 
Cook Islands, 2008,0.0 ,3.6 
Cook Islands, 2007,0.0 ,3.6 
Cook Islands, 2006,0.0 ,3.6 
Cook Islands, 2005,0.0 ,3.6 
Cook Islands, 2004,0.0 ,3.7 
Cook Islands, 2003,0.0 ,3.7 
Cook Islands, 2002,0.0 ,3.7 
Cook Islands, 2001,0.0 ,3.7 
Cook Islands, 2000,0.0 ,3.7 
Costa Rica, 2015,5.2 ,7.5 
Costa Rica, 2014,5.2 ,7.4 
Costa Rica, 2013,5.2 ,7.4 
Costa Rica, 2012,5.2 ,7.3 
Costa Rica, 2011,5.2 ,7.2 
Costa Rica, 2010,5.1 ,7.1 
Costa Rica, 2009,5.1 ,7.1 
Costa Rica, 2008,5.1 ,7.0 
Costa Rica, 2007,5.0 ,6.9 
Costa Rica, 2006,5.0 ,6.9 
Costa Rica, 2005,5.0 ,6.8 
Costa Rica, 2004,5.0 ,6.8 
Costa Rica, 2003,5.0 ,6.8 
Costa Rica, 2002,5.1 ,6.9 
Costa Rica, 2001,5.2 ,6.9 
Costa Rica, 2000,5.3 ,7.0 
Côte d'Ivoire, 2015,132.7 ,15.5 
Côte d'Ivoire, 2014,131.3 ,15.6 
Côte d'Ivoire, 2013,130.1 ,15.7 
Côte d'Ivoire, 2012,128.7 ,15.8 
Côte d'Ivoire, 2011,127.5 ,16.0 
Côte d'Ivoire, 2010,126.2 ,16.1 
Côte d'Ivoire, 2009,125.0 ,16.3 
Côte d'Ivoire, 2008,124.0 ,16.4 
Côte d'Ivoire, 2007,123.2 ,16.5 
Côte d'Ivoire, 2006,122.6 ,16.7 
Côte d'Ivoire, 2005,122.1 ,16.9 
Côte d'Ivoire, 2004,121.8 ,17.0 
Côte d'Ivoire, 2003,121.3 ,17.2 
Côte d'Ivoire, 2002,120.7 ,17.3 
Côte d'Ivoire, 2001,119.9 ,17.4 
Côte d'Ivoire, 2000,118.9 ,17.5 
Croatia, 2015,2.0 ,5.1 
Croatia, 2014,2.0 ,5.0 
Croatia, 2013,2.0 ,4.9 
Croatia, 2012,2.0 ,4.8 
Croatia, 2011,2.0 ,4.8 
Croatia, 2010,2.1 ,4.8 
Croatia, 2009,2.1 ,4.8 
Croatia, 2008,2.1 ,4.9 
Croatia, 2007,2.1 ,4.9 
Croatia, 2006,2.1 ,5.0 
Croatia, 2005,2.2 ,5.1 
Croatia, 2004,2.2 ,5.2 
Croatia, 2003,2.2 ,5.2 
Croatia, 2002,2.3 ,5.3 
Croatia, 2001,2.4 ,5.4 
Croatia, 2000,2.5 ,5.4 
Cuba, 2015,6.6 ,5.3 
Cuba, 2014,6.6 ,5.2 
Cuba, 2013,6.6 ,5.2 
Cuba, 2012,6.6 ,5.2 
Cuba, 2011,6.5 ,5.2 
Cuba, 2010,6.5 ,5.2 
Cuba, 2009,6.5 ,5.2 
Cuba, 2008,6.5 ,5.2 
Cuba, 2007,6.6 ,5.3 
Cuba, 2006,6.7 ,5.3 
Cuba, 2005,6.9 ,5.4 
Cuba, 2004,7.2 ,5.5 
Cuba, 2003,7.5 ,5.6 
Cuba, 2002,7.9 ,5.8 
Cuba, 2001,8.4 ,5.9 
Cuba, 2000,8.9 ,6.1 
Czechia, 2015,8.5 ,7.8 
Czechia, 2014,8.7 ,7.9 
Czechia, 2013,8.8 ,7.9 
Czechia, 2012,8.8 ,7.9 
Czechia, 2011,8.8 ,7.8 
Czechia, 2010,8.7 ,7.7 
Czechia, 2009,8.6 ,7.6 
Czechia, 2008,8.3 ,7.4 
Czechia, 2007,8.0 ,7.3 
Czechia, 2006,7.6 ,7.1 
Czechia, 2005,7.1 ,6.9 
Czechia, 2004,6.7 ,6.7 
Czechia, 2003,6.2 ,6.5 
Czechia, 2002,5.8 ,6.3 
Czechia, 2001,5.4 ,6.0 
Czechia, 2000,5.1 ,5.8 
Democratic Republic of the Congo, 2015,354.4 ,10.8 
Democratic Republic of the Congo, 2014,349.6 ,10.9 
Democratic Republic of the Congo, 2013,344.8 ,11.0 
Democratic Republic of the Congo, 2012,339.6 ,11.1 
Democratic Republic of the Congo, 2011,334.0 ,11.2 
Democratic Republic of the Congo, 2010,328.1 ,11.3 
Democratic Republic of the Congo, 2009,322.2 ,11.4 
Democratic Republic of the Congo, 2008,316.3 ,11.5 
Democratic Republic of the Congo, 2007,310.4 ,11.6 
Democratic Republic of the Congo, 2006,304.8 ,11.8 
Democratic Republic of the Congo, 2005,299.2 ,11.9 
Democratic Republic of the Congo, 2004,293.4 ,12.0 
Democratic Republic of the Congo, 2003,287.5 ,12.1 
Democratic Republic of the Congo, 2002,281.6 ,12.2 
Democratic Republic of the Congo, 2001,275.5 ,12.3 
Democratic Republic of the Congo, 2000,269.6 ,12.4 
Denmark, 2015,3.2 ,5.3 
Denmark, 2014,3.1 ,5.3 
Denmark, 2013,3.1 ,5.3 
Denmark, 2012,3.1 ,5.3 
Denmark, 2011,3.2 ,5.3 
Denmark, 2010,3.2 ,5.3 
Denmark, 2009,3.3 ,5.3 
Denmark, 2008,3.4 ,5.3 
Denmark, 2007,3.4 ,5.3 
Denmark, 2006,3.4 ,5.3 
Denmark, 2005,3.5 ,5.3 
Denmark, 2004,3.5 ,5.3 
Denmark, 2003,3.4 ,5.3 
Denmark, 2002,3.4 ,5.3 
Denmark, 2001,3.4 ,5.2 
Denmark, 2000,3.4 ,5.1 
Dominican Republic, 2015,24.4 ,11.3 
Dominican Republic, 2014,24.6 ,11.3 
Dominican Republic, 2013,24.8 ,11.4 
Dominican Republic, 2012,25.0 ,11.4 
Dominican Republic, 2011,25.2 ,11.5 
Dominican Republic, 2010,25.3 ,11.5 
Dominican Republic, 2009,25.4 ,11.5 
Dominican Republic, 2008,25.4 ,11.5 
Dominican Republic, 2007,25.4 ,11.5 
Dominican Republic, 2006,25.4 ,11.6 
Dominican Republic, 2005,25.4 ,11.6 
Dominican Republic, 2004,25.4 ,11.6 
Dominican Republic, 2003,25.3 ,11.6 
Dominican Republic, 2002,25.3 ,11.6 
Dominican Republic, 2001,25.2 ,11.6 
Dominican Republic, 2000,25.1 ,11.6 
Ecuador, 2015,37.0 ,11.2 
Ecuador, 2014,37.1 ,11.2 
Ecuador, 2013,37.1 ,11.3 
Ecuador, 2012,37.2 ,11.3 
Ecuador, 2011,37.3 ,11.3 
Ecuador, 2010,37.3 ,11.4 
Ecuador, 2009,37.2 ,11.4 
Ecuador, 2008,37.2 ,11.5 
Ecuador, 2007,37.1 ,11.5 
Ecuador, 2006,37.1 ,11.6 
Ecuador, 2005,37.0 ,11.6 
Ecuador, 2004,37.0 ,11.7 
Ecuador, 2003,37.1 ,11.8 
Ecuador, 2002,37.2 ,11.9 
Ecuador, 2001,37.5 ,11.9 
Ecuador, 2000,37.8 ,12.0 
El Salvador, 2015,12.2 ,10.3 
El Salvador, 2014,12.2 ,10.3 
El Salvador, 2013,12.3 ,10.4 
El Salvador, 2012,12.4 ,10.4 
El Salvador, 2011,12.5 ,10.4 
El Salvador, 2010,12.7 ,10.5 
El Salvador, 2009,12.8 ,10.5 
El Salvador, 2008,13.0 ,10.5 
El Salvador, 2007,13.1 ,10.5 
El Salvador, 2006,13.4 ,10.6 
El Salvador, 2005,13.6 ,10.6 
El Salvador, 2004,14.0 ,10.7 
El Salvador, 2003,14.4 ,10.7 
El Salvador, 2002,14.9 ,10.8 
El Salvador, 2001,15.4 ,10.9 
El Salvador, 2000,16.0 ,11.0 
Estonia, 2015,0.6 ,4.3 
Estonia, 2014,0.6 ,4.4 
Estonia, 2013,0.6 ,4.4 
Estonia, 2012,0.6 ,4.4 
Estonia, 2011,0.7 ,4.4 
Estonia, 2010,0.7 ,4.4 
Estonia, 2009,0.7 ,4.5 
Estonia, 2008,0.7 ,4.5 
Estonia, 2007,0.7 ,4.5 
Estonia, 2006,0.7 ,4.5 
Estonia, 2005,0.6 ,4.5 
Estonia, 2004,0.6 ,4.4 
Estonia, 2003,0.6 ,4.4 
Estonia, 2002,0.6 ,4.4 
Estonia, 2001,0.6 ,4.4 
Estonia, 2000,0.6 ,4.3 
Eswatini, 2015,4.0 ,10.3 
Eswatini, 2014,4.0 ,10.4 
Eswatini, 2013,4.0 ,10.4 
Eswatini, 2012,4.0 ,10.5 
Eswatini, 2011,4.0 ,10.5 
Eswatini, 2010,4.0 ,10.6 
Eswatini, 2009,4.0 ,10.6 
Eswatini, 2008,3.9 ,10.6 
Eswatini, 2007,3.9 ,10.6 
Eswatini, 2006,3.9 ,10.6 
Eswatini, 2005,3.9 ,10.7 
Eswatini, 2004,3.8 ,10.8 
Eswatini, 2003,3.8 ,10.8 
Eswatini, 2002,3.8 ,10.9 
Eswatini, 2001,3.8 ,11.0 
Eswatini, 2000,3.8 ,11.1 
Finland, 2015,2.4 ,4.1 
Finland, 2014,2.4 ,4.2 
Finland, 2013,2.5 ,4.2 
Finland, 2012,2.5 ,4.2 
Finland, 2011,2.5 ,4.2 
Finland, 2010,2.5 ,4.2 
Finland, 2009,2.5 ,4.2 
Finland, 2008,2.5 ,4.2 
Finland, 2007,2.5 ,4.2 
Finland, 2006,2.5 ,4.2 
Finland, 2005,2.4 ,4.2 
Finland, 2004,2.4 ,4.2 
Finland, 2003,2.4 ,4.2 
Finland, 2002,2.4 ,4.2 
Finland, 2001,2.4 ,4.3 
Finland, 2000,2.5 ,4.3 
France, 2015,57.0 ,7.4 
France, 2014,57.2 ,7.4 
France, 2013,57.5 ,7.4 
France, 2012,57.8 ,7.4 
France, 2011,58.1 ,7.4 
France, 2010,58.3 ,7.5 
France, 2009,58.5 ,7.5 
France, 2008,58.6 ,7.5 
France, 2007,58.6 ,7.5 
France, 2006,58.5 ,7.5 
France, 2005,58.4 ,7.5 
France, 2004,58.1 ,7.5 
France, 2003,57.8 ,7.5 
France, 2002,57.5 ,7.5 
France, 2001,57.1 ,7.5 
France, 2000,56.7 ,7.5 
Gabon, 2015,8.2 ,14.2 
Gabon, 2014,8.2 ,14.3 
Gabon, 2013,8.1 ,14.4 
Gabon, 2012,8.0 ,14.4 
Gabon, 2011,7.8 ,14.5 
Gabon, 2010,7.7 ,14.6 
Gabon, 2009,7.5 ,14.7 
Gabon, 2008,7.3 ,14.8 
Gabon, 2007,7.2 ,14.8 
Gabon, 2006,7.0 ,14.9 
Gabon, 2005,6.8 ,15.0 
Gabon, 2004,6.7 ,15.0 
Gabon, 2003,6.6 ,15.1 
Gabon, 2002,6.5 ,15.2 
Gabon, 2001,6.4 ,15.2 
Gabon, 2000,6.3 ,15.3 
Gambia, 2015,13.3 ,16.8 
Gambia, 2014,13.1 ,16.9 
Gambia, 2013,13.0 ,17.0 
Gambia, 2012,12.8 ,17.2 
Gambia, 2011,12.6 ,17.3 
Gambia, 2010,12.4 ,17.4 
Gambia, 2009,12.2 ,17.5 
Gambia, 2008,12.0 ,17.7 
Gambia, 2007,11.9 ,17.8 
Gambia, 2006,11.7 ,18.0 
Gambia, 2005,11.5 ,18.2 
Gambia, 2004,11.4 ,18.4 
Gambia, 2003,11.2 ,18.6 
Gambia, 2002,11.1 ,18.8 
Gambia, 2001,10.9 ,18.9 
Gambia, 2000,10.7 ,19.2 
Georgia, 2015,3.4 ,6.1 
Georgia, 2014,3.1 ,5.5 
Georgia, 2013,2.9 ,5.1 
Georgia, 2012,2.9 ,4.8 
Georgia, 2011,2.8 ,4.7 
Georgia, 2010,2.9 ,4.8 
Georgia, 2009,2.9 ,4.9 
Georgia, 2008,3.0 ,5.0 
Georgia, 2007,3.1 ,5.3 
Georgia, 2006,3.2 ,5.5 
Georgia, 2005,3.3 ,5.8 
Georgia, 2004,3.3 ,6.0 
Georgia, 2003,3.4 ,6.2 
Georgia, 2002,3.4 ,6.3 
Georgia, 2001,3.5 ,6.3 
Georgia, 2000,3.5 ,6.1 
Germany, 2015,47.2 ,6.6 
Germany, 2014,47.2 ,6.7 
Germany, 2013,47.1 ,6.8 
Germany, 2012,47.0 ,6.8 
Germany, 2011,46.9 ,6.9 
Germany, 2010,46.8 ,6.9 
Germany, 2009,46.8 ,6.9 
Germany, 2008,46.9 ,6.9 
Germany, 2007,47.0 ,6.9 
Germany, 2006,47.2 ,6.9 
Germany, 2005,47.5 ,6.9 
Germany, 2004,47.8 ,6.8 
Germany, 2003,48.1 ,6.8 
Germany, 2002,48.3 ,6.7 
Germany, 2001,48.5 ,6.6 
Germany, 2000,48.5 ,6.5 
Ghana, 2015,123.3 ,14.2 
Ghana, 2014,123.3 ,14.3 
Ghana, 2013,123.2 ,14.4 
Ghana, 2012,122.8 ,14.5 
Ghana, 2011,122.1 ,14.7 
Ghana, 2010,121.0 ,14.8 
Ghana, 2009,119.5 ,14.9 
Ghana, 2008,117.9 ,15.0 
Ghana, 2007,116.1 ,15.1 
Ghana, 2006,114.4 ,15.2 
Ghana, 2005,112.7 ,15.3 
Ghana, 2004,111.3 ,15.4 
Ghana, 2003,110.2 ,15.6 
Ghana, 2002,109.3 ,15.7 
Ghana, 2001,108.6 ,15.9 
Ghana, 2000,108.1 ,16.1 
Greece, 2015,8.2 ,8.7 
Greece, 2014,8.5 ,8.8 
Greece, 2013,8.8 ,8.7 
Greece, 2012,9.2 ,8.7 
Greece, 2011,9.5 ,8.7 
Greece, 2010,9.8 ,8.7 
Greece, 2009,10.0 ,8.7 
Greece, 2008,10.2 ,8.7 
Greece, 2007,10.3 ,8.8 
Greece, 2006,10.3 ,8.8 
Greece, 2005,10.3 ,8.8 
Greece, 2004,10.2 ,8.8 
Greece, 2003,10.1 ,8.9 
Greece, 2002,10.0 ,8.9 
Greece, 2001,10.0 ,9.0 
Greece, 2000,10.0 ,9.0 
Guatemala, 2015,45.7 ,11.0 
Guatemala, 2014,45.7 ,11.0 
Guatemala, 2013,45.7 ,11.1 
Guatemala, 2012,45.7 ,11.2 
Guatemala, 2011,45.7 ,11.2 
Guatemala, 2010,45.8 ,11.3 
Guatemala, 2009,46.0 ,11.4 
Guatemala, 2008,46.3 ,11.4 
Guatemala, 2007,46.8 ,11.5 
Guatemala, 2006,47.3 ,11.6 
Guatemala, 2005,48.0 ,11.6 
Guatemala, 2004,48.6 ,11.7 
Guatemala, 2003,49.2 ,11.8 
Guatemala, 2002,49.7 ,11.9 
Guatemala, 2001,50.1 ,12.1 
Guatemala, 2000,50.4 ,12.2 
Guinea-Bissau, 2015,13.9 ,21.1 
Guinea-Bissau, 2014,13.9 ,21.3 
Guinea-Bissau, 2013,13.8 ,21.5 
Guinea-Bissau, 2012,13.8 ,21.8 
Guinea-Bissau, 2011,13.8 ,22.1 
Guinea-Bissau, 2010,13.7 ,22.4 
Guinea-Bissau, 2009,13.7 ,22.7 
Guinea-Bissau, 2008,13.6 ,23.1 
Guinea-Bissau, 2007,13.5 ,23.3 
Guinea-Bissau, 2006,13.4 ,23.6 
Guinea-Bissau, 2005,13.3 ,23.9 
Guinea-Bissau, 2004,13.2 ,24.1 
Guinea-Bissau, 2003,13.1 ,24.3 
Guinea-Bissau, 2002,13.1 ,24.6 
Guinea-Bissau, 2001,13.0 ,24.9 
Guinea-Bissau, 2000,13.0 ,25.3 
Guyana, 2015,2.5 ,15.6 
Guyana, 2014,2.5 ,15.7 
Guyana, 2013,2.5 ,15.7 
Guyana, 2012,2.5 ,15.8 
Guyana, 2011,2.5 ,15.8 
Guyana, 2010,2.5 ,15.8 
Guyana, 2009,2.5 ,15.8 
Guyana, 2008,2.5 ,15.8 
Guyana, 2007,2.6 ,15.9 
Guyana, 2006,2.6 ,15.9 
Guyana, 2005,2.7 ,15.9 
Guyana, 2004,2.8 ,16.0 
Guyana, 2003,2.9 ,16.0 
Guyana, 2002,3.0 ,16.1 
Guyana, 2001,3.1 ,16.2 
Guyana, 2000,3.2 ,16.3 
Honduras, 2015,21.6 ,10.9 
Honduras, 2014,21.6 ,10.9 
Honduras, 2013,21.8 ,11.0 
Honduras, 2012,22.0 ,11.0 
Honduras, 2011,22.2 ,11.1 
Honduras, 2010,22.5 ,11.2 
Honduras, 2009,22.9 ,11.2 
Honduras, 2008,23.3 ,11.3 
Honduras, 2007,23.7 ,11.4 
Honduras, 2006,24.1 ,11.4 
Honduras, 2005,24.4 ,11.5 
Honduras, 2004,24.7 ,11.6 
Honduras, 2003,24.9 ,11.7 
Honduras, 2002,25.1 ,11.7 
Honduras, 2001,25.3 ,11.8 
Honduras, 2000,25.4 ,11.9 
Hungary, 2015,7.7 ,8.8 
Hungary, 2014,7.7 ,8.7 
Hungary, 2013,7.7 ,8.6 
Hungary, 2012,7.7 ,8.6 
Hungary, 2011,7.8 ,8.5 
Hungary, 2010,7.8 ,8.5 
Hungary, 2009,7.9 ,8.4 
Hungary, 2008,7.9 ,8.4 
Hungary, 2007,7.9 ,8.3 
Hungary, 2006,7.9 ,8.3 
Hungary, 2005,7.9 ,8.3 
Hungary, 2004,7.9 ,8.3 
Hungary, 2003,8.0 ,8.4 
Hungary, 2002,8.0 ,8.4 
Hungary, 2001,8.1 ,8.5 
Hungary, 2000,8.2 ,8.6 
Iceland, 2015,0.2 ,4.2 
Iceland, 2014,0.2 ,4.1 
Iceland, 2013,0.2 ,4.0 
Iceland, 2012,0.2 ,3.9 
Iceland, 2011,0.2 ,3.8 
Iceland, 2010,0.2 ,3.7 
Iceland, 2009,0.2 ,3.7 
Iceland, 2008,0.2 ,3.7 
Iceland, 2007,0.2 ,3.7 
Iceland, 2006,0.2 ,3.6 
Iceland, 2005,0.2 ,3.6 
Iceland, 2004,0.2 ,3.6 
Iceland, 2003,0.2 ,3.6 
Iceland, 2002,0.1 ,3.6 
Iceland, 2001,0.1 ,3.5 
Iceland, 2000,0.1 ,3.5 
Indonesia, 2015,497.6 ,10.0 
Indonesia, 2014,503.8 ,10.0 
Indonesia, 2013,509.2 ,10.1 
Indonesia, 2012,514.1 ,10.2 
Indonesia, 2011,518.1 ,10.2 
Indonesia, 2010,521.2 ,10.3 
Indonesia, 2009,523.2 ,10.4 
Indonesia, 2008,524.3 ,10.4 
Indonesia, 2007,525.2 ,10.5 
Indonesia, 2006,525.5 ,10.6 
Indonesia, 2005,525.5 ,10.7 
Indonesia, 2004,524.8 ,10.7 
Indonesia, 2003,523.0 ,10.8 
Indonesia, 2002,521.0 ,11.0 
Indonesia, 2001,518.1 ,11.1 
Indonesia, 2000,515.9 ,11.2 
Ireland, 2015,4.0 ,5.9 
Ireland, 2014,4.0 ,5.7 
Ireland, 2013,3.9 ,5.5 
Ireland, 2012,3.8 ,5.3 
Ireland, 2011,3.8 ,5.2 
Ireland, 2010,3.7 ,5.1 
Ireland, 2009,3.7 ,5.1 
Ireland, 2008,3.6 ,5.0 
Ireland, 2007,3.5 ,5.0 
Ireland, 2006,3.4 ,5.0 
Ireland, 2005,3.3 ,5.0 
Ireland, 2004,3.2 ,5.0 
Ireland, 2003,3.1 ,5.0 
Ireland, 2002,3.0 ,4.9 
Ireland, 2001,2.9 ,4.9 
Ireland, 2000,2.8 ,4.9 
Israel, 2015,13.0 ,7.8 
Israel, 2014,13.1 ,7.9 
Israel, 2013,13.2 ,8.0 
Israel, 2012,13.2 ,8.0 
Israel, 2011,13.1 ,8.1 
Israel, 2010,12.9 ,8.1 
Israel, 2009,12.7 ,8.2 
Israel, 2008,12.4 ,8.2 
Israel, 2007,12.2 ,8.3 
Israel, 2006,11.9 ,8.3 
Israel, 2005,11.7 ,8.3 
Israel, 2004,11.4 ,8.3 
Israel, 2003,11.2 ,8.3 
Israel, 2002,11.0 ,8.3 
Israel, 2001,10.8 ,8.3 
Israel, 2000,10.6 ,8.3 
Italy, 2015,34.5 ,7.0 
Italy, 2014,35.0 ,7.0 
Italy, 2013,35.6 ,7.0 
Italy, 2012,36.3 ,7.0 
Italy, 2011,37.0 ,7.0 
Italy, 2010,37.7 ,7.0 
Italy, 2009,38.3 ,7.0 
Italy, 2008,38.7 ,7.0 
Italy, 2007,39.0 ,7.0 
Italy, 2006,39.1 ,7.0 
Italy, 2005,39.1 ,7.0 
Italy, 2004,38.9 ,7.0 
Italy, 2003,38.6 ,7.0 
Italy, 2002,38.3 ,7.1 
Italy, 2001,38.0 ,7.1 
Italy, 2000,37.8 ,7.1 
Jamaica, 2015,7.0 ,14.6 
Jamaica, 2014,7.1 ,14.6 
Jamaica, 2013,7.2 ,14.7 
Jamaica, 2012,7.3 ,14.7 
Jamaica, 2011,7.3 ,14.8 
Jamaica, 2010,7.4 ,14.8 
Jamaica, 2009,7.5 ,14.9 
Jamaica, 2008,7.6 ,14.9 
Jamaica, 2007,7.7 ,14.9 
Jamaica, 2006,7.8 ,14.9 
Jamaica, 2005,7.9 ,15.0 
Jamaica, 2004,8.0 ,15.0 
Jamaica, 2003,8.1 ,15.1 
Jamaica, 2002,8.3 ,15.2 
Jamaica, 2001,8.5 ,15.2 
Jamaica, 2000,8.7 ,15.3 
Japan, 2015,100.0 ,9.5 
Japan, 2014,101.2 ,9.5 
Japan, 2013,102.4 ,9.5 
Japan, 2012,103.6 ,9.6 
Japan, 2011,104.7 ,9.6 
Japan, 2010,105.6 ,9.6 
Japan, 2009,106.3 ,9.6 
Japan, 2008,106.8 ,9.6 
Japan, 2007,107.0 ,9.6 
Japan, 2006,106.9 ,9.5 
Japan, 2005,106.5 ,9.5 
Japan, 2004,105.9 ,9.4 
Japan, 2003,105.0 ,9.2 
Japan, 2002,103.7 ,9.1 
Japan, 2001,102.1 ,8.8 
Japan, 2000,100.0 ,8.6 
Jordan, 2015,33.5 ,13.8 
Jordan, 2014,33.1 ,13.8 
Jordan, 2013,32.4 ,13.9 
Jordan, 2012,31.6 ,13.9 
Jordan, 2011,30.7 ,14.0 
Jordan, 2010,29.6 ,14.0 
Jordan, 2009,28.5 ,14.1 
Jordan, 2008,27.4 ,14.1 
Jordan, 2007,26.4 ,14.2 
Jordan, 2006,25.5 ,14.2 
Jordan, 2005,24.7 ,14.3 
Jordan, 2004,24.2 ,14.4 
Jordan, 2003,23.8 ,14.4 
Jordan, 2002,23.5 ,14.5 
Jordan, 2001,23.4 ,14.6 
Jordan, 2000,23.2 ,14.6 
Kazakhstan, 2015,20.9 ,5.4 
Kazakhstan, 2014,22.5 ,5.8 
Kazakhstan, 2013,23.4 ,6.0 
Kazakhstan, 2012,23.7 ,6.1 
Kazakhstan, 2011,23.4 ,6.1 
Kazakhstan, 2010,22.6 ,6.0 
Kazakhstan, 2009,21.4 ,5.9 
Kazakhstan, 2008,19.9 ,5.7 
Kazakhstan, 2007,18.4 ,5.5 
Kazakhstan, 2006,16.8 ,5.4 
Kazakhstan, 2005,15.5 ,5.2 
Kazakhstan, 2004,14.4 ,5.2 
Kazakhstan, 2003,13.7 ,5.2 
Kazakhstan, 2002,13.4 ,5.4 
Kazakhstan, 2001,13.7 ,5.6 
Kazakhstan, 2000,14.5 ,6.1 
Kenya, 2015,172.4 ,11.5 
Kenya, 2014,171.9 ,11.5 
Kenya, 2013,171.6 ,11.6 
Kenya, 2012,171.7 ,11.7 
Kenya, 2011,172.1 ,11.8 
Kenya, 2010,172.4 ,11.9 
Kenya, 2009,172.6 ,12.0 
Kenya, 2008,172.5 ,12.0 
Kenya, 2007,171.9 ,12.1 
Kenya, 2006,170.8 ,12.2 
Kenya, 2005,169.1 ,12.2 
Kenya, 2004,166.7 ,12.3 
Kenya, 2003,164.1 ,12.3 
Kenya, 2002,161.0 ,12.3 
Kenya, 2001,158.0 ,12.3 
Kenya, 2000,154.7 ,12.3 
Kuwait, 2015,6.4 ,9.9 
Kuwait, 2014,6.3 ,9.9 
Kuwait, 2013,6.3 ,9.9 
Kuwait, 2012,6.2 ,9.9 
Kuwait, 2011,6.1 ,10.0 
Kuwait, 2010,5.9 ,10.0 
Kuwait, 2009,5.8 ,10.0 
Kuwait, 2008,5.6 ,10.1 
Kuwait, 2007,5.4 ,10.1 
Kuwait, 2006,5.2 ,10.1 
Kuwait, 2005,5.0 ,10.1 
Kuwait, 2004,4.9 ,10.1 
Kuwait, 2003,4.7 ,10.1 
Kuwait, 2002,4.6 ,10.2 
Kuwait, 2001,4.6 ,10.2 
Kuwait, 2000,4.5 ,10.2 
Kyrgyzstan, 2015,8.4 ,5.5 
Kyrgyzstan, 2014,8.5 ,5.5 
Kyrgyzstan, 2013,8.5 ,5.6 
Kyrgyzstan, 2012,8.4 ,5.6 
Kyrgyzstan, 2011,8.3 ,5.7 
Kyrgyzstan, 2010,8.1 ,5.7 
Kyrgyzstan, 2009,7.9 ,5.8 
Kyrgyzstan, 2008,7.6 ,5.9 
Kyrgyzstan, 2007,7.3 ,6.0 
Kyrgyzstan, 2006,7.1 ,6.1 
Kyrgyzstan, 2005,6.9 ,6.2 
Kyrgyzstan, 2004,6.8 ,6.3 
Kyrgyzstan, 2003,6.8 ,6.4 
Kyrgyzstan, 2002,6.8 ,6.6 
Kyrgyzstan, 2001,7.0 ,6.7 
Kyrgyzstan, 2000,7.2 ,6.8 
Lao People's Democratic Republic, 2015,28.2 ,17.3 
Lao People's Democratic Republic, 2014,28.5 ,17.4 
Lao People's Democratic Republic, 2013,28.9 ,17.6 
Lao People's Democratic Republic, 2012,29.3 ,17.7 
Lao People's Democratic Republic, 2011,29.7 ,17.9 
Lao People's Democratic Republic, 2010,30.1 ,18.1 
Lao People's Democratic Republic, 2009,30.4 ,18.3 
Lao People's Democratic Republic, 2008,30.8 ,18.5 
Lao People's Democratic Republic, 2007,31.0 ,18.7 
Lao People's Democratic Republic, 2006,31.3 ,18.9 
Lao People's Democratic Republic, 2005,31.6 ,19.1 
Lao People's Democratic Republic, 2004,32.0 ,19.4 
Lao People's Democratic Republic, 2003,32.4 ,19.6 
Lao People's Democratic Republic, 2002,33.0 ,19.9 
Lao People's Democratic Republic, 2001,33.8 ,20.2 
Lao People's Democratic Republic, 2000,34.7 ,20.4 
Latvia, 2015,0.9 ,4.5 
Latvia, 2014,0.9 ,4.5 
Latvia, 2013,0.9 ,4.5 
Latvia, 2012,1.0 ,4.5 
Latvia, 2011,1.0 ,4.6 
Latvia, 2010,1.0 ,4.6 
Latvia, 2009,1.0 ,4.6 
Latvia, 2008,1.1 ,4.7 
Latvia, 2007,1.1 ,4.7 
Latvia, 2006,1.1 ,4.8 
Latvia, 2005,1.1 ,4.9 
Latvia, 2004,1.1 ,4.9 
Latvia, 2003,1.0 ,5.0 
Latvia, 2002,1.0 ,5.0 
Latvia, 2001,1.0 ,5.1 
Latvia, 2000,1.0 ,5.1 
Lebanon, 2015,7.9 ,9.2 
Lebanon, 2014,7.6 ,9.3 
Lebanon, 2013,7.2 ,9.3 
Lebanon, 2012,6.8 ,9.3 
Lebanon, 2011,6.3 ,9.3 
Lebanon, 2010,5.9 ,9.3 
Lebanon, 2009,5.5 ,9.3 
Lebanon, 2008,5.2 ,9.4 
Lebanon, 2007,5.1 ,9.4 
Lebanon, 2006,5.0 ,9.5 
Lebanon, 2005,5.1 ,9.5 
Lebanon, 2004,5.3 ,9.6 
Lebanon, 2003,5.5 ,9.6 
Lebanon, 2002,5.7 ,9.7 
Lebanon, 2001,5.9 ,9.8 
Lebanon, 2000,6.1 ,9.8 
Lesotho, 2015,8.9 ,14.6 
Lesotho, 2014,9.0 ,14.7 
Lesotho, 2013,8.9 ,14.8 
Lesotho, 2012,8.9 ,14.8 
Lesotho, 2011,8.8 ,14.9 
Lesotho, 2010,8.7 ,14.9 
Lesotho, 2009,8.6 ,14.9 
Lesotho, 2008,8.5 ,14.9 
Lesotho, 2007,8.5 ,14.9 
Lesotho, 2006,8.5 ,15.0 
Lesotho, 2005,8.5 ,15.0 
Lesotho, 2004,8.6 ,15.1 
Lesotho, 2003,8.7 ,15.1 
Lesotho, 2002,8.8 ,15.2 
Lesotho, 2001,9.0 ,15.3 
Lesotho, 2000,9.1 ,15.4 
Lithuania, 2015,1.4 ,4.5 
Lithuania, 2014,1.4 ,4.5 
Lithuania, 2013,1.4 ,4.5 
Lithuania, 2012,1.4 ,4.5 
Lithuania, 2011,1.4 ,4.6 
Lithuania, 2010,1.4 ,4.6 
Lithuania, 2009,1.4 ,4.6 
Lithuania, 2008,1.4 ,4.6 
Lithuania, 2007,1.4 ,4.6 
Lithuania, 2006,1.4 ,4.7 
Lithuania, 2005,1.4 ,4.7 
Lithuania, 2004,1.4 ,4.7 
Lithuania, 2003,1.4 ,4.7 
Lithuania, 2002,1.5 ,4.7 
Lithuania, 2001,1.5 ,4.7 
Lithuania, 2000,1.6 ,4.8 
Luxembourg, 2015,0.4 ,6.5 
Luxembourg, 2014,0.4 ,6.7 
Luxembourg, 2013,0.4 ,6.8 
Luxembourg, 2012,0.4 ,6.8 
Luxembourg, 2011,0.4 ,6.7 
Luxembourg, 2010,0.4 ,6.5 
Luxembourg, 2009,0.4 ,6.3 
Luxembourg, 2008,0.3 ,6.1 
Luxembourg, 2007,0.3 ,5.9 
Luxembourg, 2006,0.3 ,5.8 
Luxembourg, 2005,0.3 ,5.6 
Luxembourg, 2004,0.3 ,5.6 
Luxembourg, 2003,0.3 ,5.7 
Luxembourg, 2002,0.3 ,5.8 
Luxembourg, 2001,0.3 ,6.1 
Luxembourg, 2000,0.4 ,6.6 
Madagascar, 2015,139.1 ,17.1 
Madagascar, 2014,137.4 ,17.2 
Madagascar, 2013,135.8 ,17.4 
Madagascar, 2012,134.6 ,17.5 
Madagascar, 2011,133.5 ,17.6 
Madagascar, 2010,132.5 ,17.8 
Madagascar, 2009,131.8 ,17.9 
Madagascar, 2008,131.2 ,18.1 
Madagascar, 2007,131.0 ,18.3 
Madagascar, 2006,130.7 ,18.5 
Madagascar, 2005,130.4 ,18.7 
Madagascar, 2004,130.2 ,18.9 
Madagascar, 2003,130.0 ,19.2 
Madagascar, 2002,129.7 ,19.4 
Madagascar, 2001,129.3 ,19.6 
Madagascar, 2000,128.9 ,19.8 
Malawi, 2015,94.5 ,14.5 
Malawi, 2014,93.6 ,14.6 
Malawi, 2013,93.1 ,14.7 
Malawi, 2012,92.8 ,14.9 
Malawi, 2011,92.8 ,15.0 
Malawi, 2010,92.8 ,15.2 
Malawi, 2009,92.6 ,15.3 
Malawi, 2008,92.1 ,15.4 
Malawi, 2007,91.3 ,15.5 
Malawi, 2006,90.2 ,15.6 
Malawi, 2005,89.1 ,15.8 
Malawi, 2004,88.1 ,16.0 
Malawi, 2003,87.3 ,16.2 
Malawi, 2002,86.8 ,16.5 
Malawi, 2001,86.6 ,16.9 
Malawi, 2000,86.7 ,17.2 
Malaysia, 2015,59.5 ,11.3 
Malaysia, 2014,58.8 ,11.4 
Malaysia, 2013,57.9 ,11.4 
Malaysia, 2012,56.7 ,11.3 
Malaysia, 2011,55.3 ,11.2 
Malaysia, 2010,53.8 ,11.1 
Malaysia, 2009,52.4 ,10.9 
Malaysia, 2008,51.0 ,10.7 
Malaysia, 2007,49.6 ,10.6 
Malaysia, 2006,48.5 ,10.4 
Malaysia, 2005,47.7 ,10.2 
Malaysia, 2004,47.3 ,10.1 
Malaysia, 2003,47.4 ,10.0 
Malaysia, 2002,48.0 ,9.9 
Malaysia, 2001,49.1 ,9.9 
Malaysia, 2000,50.5 ,10.0 
Maldives, 2015,0.9 ,11.7 
Maldives, 2014,0.9 ,11.8 
Maldives, 2013,0.9 ,11.9 
Maldives, 2012,0.9 ,12.0 
Maldives, 2011,0.9 ,12.1 
Maldives, 2010,0.9 ,12.3 
Maldives, 2009,0.9 ,12.4 
Maldives, 2008,0.9 ,12.6 
Maldives, 2007,0.8 ,12.8 
Maldives, 2006,0.8 ,13.1 
Maldives, 2005,0.8 ,13.4 
Maldives, 2004,0.9 ,13.7 
Maldives, 2003,0.9 ,14.1 
Maldives, 2002,0.9 ,14.6 
Maldives, 2001,0.9 ,15.1 
Maldives, 2000,1.0 ,15.6 
Malta, 2015,0.3 ,6.3 
Malta, 2014,0.3 ,6.6 
Malta, 2013,0.3 ,6.8 
Malta, 2012,0.3 ,7.0 
Malta, 2011,0.3 ,7.1 
Malta, 2010,0.3 ,7.1 
Malta, 2009,0.3 ,7.2 
Malta, 2008,0.3 ,7.1 
Malta, 2007,0.3 ,7.1 
Malta, 2006,0.3 ,7.0 
Malta, 2005,0.3 ,6.8 
Malta, 2004,0.3 ,6.7 
Malta, 2003,0.3 ,6.5 
Malta, 2002,0.3 ,6.3 
Malta, 2001,0.3 ,6.1 
Malta, 2000,0.3 ,5.9 
Mauritius, 2015,2.3 ,17.1 
Mauritius, 2014,2.3 ,17.1 
Mauritius, 2013,2.4 ,17.1 
Mauritius, 2012,2.4 ,17.0 
Mauritius, 2011,2.4 ,16.8 
Mauritius, 2010,2.5 ,16.5 
Mauritius, 2009,2.5 ,16.2 
Mauritius, 2008,2.6 ,15.9 
Mauritius, 2007,2.6 ,15.5 
Mauritius, 2006,2.6 ,15.1 
Mauritius, 2005,2.6 ,14.7 
Mauritius, 2004,2.6 ,14.2 
Mauritius, 2003,2.6 ,13.8 
Mauritius, 2002,2.6 ,13.4 
Mauritius, 2001,2.6 ,13.0 
Mauritius, 2000,2.6 ,12.7 
Mexico, 2015,183.3 ,7.9 
Mexico, 2014,184.7 ,7.9 
Mexico, 2013,185.8 ,7.9 
Mexico, 2012,186.7 ,8.0 
Mexico, 2011,186.8 ,8.0 
Mexico, 2010,185.9 ,7.9 
Mexico, 2009,184.8 ,7.9 
Mexico, 2008,184.5 ,7.9 
Mexico, 2007,185.5 ,7.9 
Mexico, 2006,187.4 ,7.9 
Mexico, 2005,189.1 ,8.0 
Mexico, 2004,190.7 ,8.0 
Mexico, 2003,192.7 ,8.0 
Mexico, 2002,195.0 ,8.0 
Mexico, 2001,197.8 ,8.1 
Mexico, 2000,200.6 ,8.2 
Monaco, 2015,0.0 ,5.4 
Monaco, 2014,0.0 ,5.4 
Monaco, 2013,0.0 ,5.4 
Monaco, 2012,0.0 ,5.4 
Monaco, 2011,0.0 ,5.4 
Monaco, 2010,0.0 ,5.4 
Monaco, 2009,0.0 ,5.5 
Monaco, 2008,0.0 ,5.5 
Monaco, 2007,0.0 ,5.5 
Monaco, 2006,0.0 ,5.5 
Monaco, 2005,0.0 ,5.5 
Monaco, 2004,0.0 ,5.5 
Monaco, 2003,0.0 ,5.5 
Monaco, 2002,0.0 ,5.5 
Monaco, 2001,0.0 ,5.5 
Monaco, 2000,0.0 ,5.5 
Mongolia, 2015,3.9 ,5.4 
Mongolia, 2014,4.0 ,5.4 
Mongolia, 2013,4.0 ,5.4 
Mongolia, 2012,3.9 ,5.5 
Mongolia, 2011,3.9 ,5.5 
Mongolia, 2010,3.8 ,5.6 
Mongolia, 2009,3.6 ,5.6 
Mongolia, 2008,3.4 ,5.7 
Mongolia, 2007,3.3 ,5.8 
Mongolia, 2006,3.1 ,5.8 
Mongolia, 2005,3.0 ,5.9 
Mongolia, 2004,2.9 ,5.9 
Mongolia, 2003,2.9 ,6.0 
Mongolia, 2002,2.8 ,6.1 
Mongolia, 2001,2.8 ,6.2 
Mongolia, 2000,2.9 ,6.3 
Montenegro, 2015,0.4 ,5.5 
Montenegro, 2014,0.4 ,5.4 
Montenegro, 2013,0.4 ,5.3 
Montenegro, 2012,0.4 ,5.2 
Montenegro, 2011,0.4 ,5.1 
Montenegro, 2010,0.4 ,5.0 
Montenegro, 2009,0.4 ,4.8 
Montenegro, 2008,0.4 ,4.7 
Montenegro, 2007,0.4 ,4.6 
Montenegro, 2006,0.4 ,4.6 
Montenegro, 2005,0.4 ,4.5 
Montenegro, 2004,0.4 ,4.6 
Montenegro, 2003,0.4 ,4.6 
Montenegro, 2002,0.4 ,4.8 
Montenegro, 2001,0.4 ,5.0 
Montenegro, 2000,0.4 ,5.3 
Morocco, 2015,122.5 ,17.3 
Morocco, 2014,123.6 ,17.4 
Morocco, 2013,124.2 ,17.4 
Morocco, 2012,124.2 ,17.5 
Morocco, 2011,123.7 ,17.6 
Morocco, 2010,122.9 ,17.7 
Morocco, 2009,121.9 ,17.9 
Morocco, 2008,120.6 ,17.9 
Morocco, 2007,119.6 ,18.0 
Morocco, 2006,118.9 ,18.1 
Morocco, 2005,118.5 ,18.2 
Morocco, 2004,118.4 ,18.3 
Morocco, 2003,118.6 ,18.4 
Morocco, 2002,119.0 ,18.5 
Morocco, 2001,119.5 ,18.6 
Morocco, 2000,120.3 ,18.8 
Mozambique, 2015,152.7 ,13.8 
Mozambique, 2014,151.0 ,13.9 
Mozambique, 2013,149.3 ,14.0 
Mozambique, 2012,147.8 ,14.1 
Mozambique, 2011,146.3 ,14.3 
Mozambique, 2010,144.7 ,14.4 
Mozambique, 2009,143.3 ,14.5 
Mozambique, 2008,141.8 ,14.6 
Mozambique, 2007,140.7 ,14.8 
Mozambique, 2006,139.4 ,15.0 
Mozambique, 2005,138.5 ,15.2 
Mozambique, 2004,137.8 ,15.4 
Mozambique, 2003,137.1 ,15.7 
Mozambique, 2002,136.6 ,16.0 
Mozambique, 2001,136.4 ,16.3 
Mozambique, 2000,136.3 ,16.7 
Myanmar, 2015,116.2 ,12.3 
Myanmar, 2014,117.4 ,12.4 
Myanmar, 2013,119.2 ,12.5 
Myanmar, 2012,121.4 ,12.5 
Myanmar, 2011,123.9 ,12.6 
Myanmar, 2010,126.8 ,12.7 
Myanmar, 2009,130.3 ,12.8 
Myanmar, 2008,134.2 ,12.9 
Myanmar, 2007,138.4 ,13.0 
Myanmar, 2006,142.6 ,13.1 
Myanmar, 2005,146.6 ,13.2 
Myanmar, 2004,149.9 ,13.3 
Myanmar, 2003,152.7 ,13.4 
Myanmar, 2002,154.8 ,13.6 
Myanmar, 2001,156.1 ,13.7 
Myanmar, 2000,156.8 ,13.9 
Namibia, 2015,11.1 ,15.5 
Namibia, 2014,11.0 ,15.6 
Namibia, 2013,10.9 ,15.6 
Namibia, 2012,10.8 ,15.7 
Namibia, 2011,10.6 ,15.8 
Namibia, 2010,10.4 ,15.8 
Namibia, 2009,10.2 ,15.8 
Namibia, 2008,10.0 ,15.8 
Namibia, 2007,9.8 ,15.9 
Namibia, 2006,9.7 ,15.9 
Namibia, 2005,9.7 ,16.0 
Namibia, 2004,9.6 ,16.0 
Namibia, 2003,9.7 ,16.1 
Namibia, 2002,9.7 ,16.2 
Namibia, 2001,9.8 ,16.4 
Namibia, 2000,9.8 ,16.5 
Nepal, 2015,125.0 ,21.8 
Nepal, 2014,127.0 ,22.1 
Nepal, 2013,129.8 ,22.3 
Nepal, 2012,133.5 ,22.6 
Nepal, 2011,138.1 ,22.9 
Nepal, 2010,143.6 ,23.2 
Nepal, 2009,149.7 ,23.6 
Nepal, 2008,156.2 ,23.9 
Nepal, 2007,162.7 ,24.3 
Nepal, 2006,169.2 ,24.6 
Nepal, 2005,175.6 ,25.0 
Nepal, 2004,181.8 ,25.4 
Nepal, 2003,188.1 ,25.8 
Nepal, 2002,194.4 ,26.2 
Nepal, 2001,200.7 ,26.7 
Nepal, 2000,206.6 ,27.2 
Netherlands, 2015,11.0 ,6.2 
Netherlands, 2014,11.0 ,6.2 
Netherlands, 2013,11.0 ,6.2 
Netherlands, 2012,11.0 ,6.2 
Netherlands, 2011,11.1 ,6.2 
Netherlands, 2010,11.2 ,6.2 
Netherlands, 2009,11.3 ,6.2 
Netherlands, 2008,11.5 ,6.2 
Netherlands, 2007,11.7 ,6.2 
Netherlands, 2006,11.9 ,6.2 
Netherlands, 2005,12.2 ,6.3 
Netherlands, 2004,12.5 ,6.4 
Netherlands, 2003,12.9 ,6.5 
Netherlands, 2002,13.2 ,6.7 
Netherlands, 2001,13.6 ,6.9 
Netherlands, 2000,14.0 ,7.1 
New Zealand, 2015,3.5 ,5.7 
New Zealand, 2014,3.6 ,5.8 
New Zealand, 2013,3.6 ,5.8 
New Zealand, 2012,3.7 ,5.9 
New Zealand, 2011,3.7 ,5.9 
New Zealand, 2010,3.7 ,5.9 
New Zealand, 2009,3.7 ,5.9 
New Zealand, 2008,3.7 ,5.9 
New Zealand, 2007,3.7 ,5.9 
New Zealand, 2006,3.7 ,6.0 
New Zealand, 2005,3.6 ,6.0 
New Zealand, 2004,3.6 ,6.1 
New Zealand, 2003,3.5 ,6.1 
New Zealand, 2002,3.5 ,6.2 
New Zealand, 2001,3.6 ,6.4 
New Zealand, 2000,3.7 ,6.6 
Nicaragua, 2015,12.9 ,10.7 
Nicaragua, 2014,13.1 ,10.7 
Nicaragua, 2013,13.3 ,10.8 
Nicaragua, 2012,13.5 ,10.8 
Nicaragua, 2011,13.6 ,10.8 
Nicaragua, 2010,13.8 ,10.9 
Nicaragua, 2009,14.0 ,10.9 
Nicaragua, 2008,14.2 ,11.0 
Nicaragua, 2007,14.3 ,11.0 
Nicaragua, 2006,14.4 ,11.1 
Nicaragua, 2005,14.6 ,11.2 
Nicaragua, 2004,14.7 ,11.2 
Nicaragua, 2003,14.9 ,11.3 
Nicaragua, 2002,15.1 ,11.4 
Nicaragua, 2001,15.3 ,11.5 
Nicaragua, 2000,15.6 ,11.5 
Norway, 2015,2.8 ,4.5 
Norway, 2014,2.8 ,4.6 
Norway, 2013,2.8 ,4.6 
Norway, 2012,2.8 ,4.7 
Norway, 2011,2.9 ,4.8 
Norway, 2010,2.9 ,4.8 
Norway, 2009,2.9 ,4.9 
Norway, 2008,2.9 ,4.9 
Norway, 2007,2.9 ,5.0 
Norway, 2006,2.9 ,5.0 
Norway, 2005,2.9 ,5.0 
Norway, 2004,2.9 ,5.0 
Norway, 2003,2.9 ,5.0 
Norway, 2002,2.9 ,5.0 
Norway, 2001,2.9 ,5.0 
Norway, 2000,2.9 ,4.9 
Oman, 2015,8.5 ,10.5 
Oman, 2014,8.4 ,10.5 
Oman, 2013,8.3 ,10.6 
Oman, 2012,8.0 ,10.6 
Oman, 2011,7.7 ,10.6 
Oman, 2010,7.4 ,10.6 
Oman, 2009,7.0 ,10.6 
Oman, 2008,6.7 ,10.6 
Oman, 2007,6.4 ,10.6 
Oman, 2006,6.1 ,10.7 
Oman, 2005,5.9 ,10.7 
Oman, 2004,5.8 ,10.7 
Oman, 2003,5.8 ,10.8 
Oman, 2002,5.8 ,10.8 
Oman, 2001,5.9 ,10.9 
Oman, 2000,6.1 ,10.9 
Panama, 2015,7.9 ,10.1 
Panama, 2014,8.0 ,10.1 
Panama, 2013,8.0 ,10.1 
Panama, 2012,7.9 ,10.2 
Panama, 2011,7.9 ,10.2 
Panama, 2010,7.9 ,10.2 
Panama, 2009,7.8 ,10.3 
Panama, 2008,7.8 ,10.3 
Panama, 2007,7.7 ,10.3 
Panama, 2006,7.7 ,10.4 
Panama, 2005,7.7 ,10.4 
Panama, 2004,7.6 ,10.5 
Panama, 2003,7.6 ,10.5 
Panama, 2002,7.6 ,10.5 
Panama, 2001,7.6 ,10.6 
Panama, 2000,7.5 ,10.6 
Paraguay, 2015,11.4 ,8.1 
Paraguay, 2014,11.4 ,8.1 
Paraguay, 2013,11.4 ,8.2 
Paraguay, 2012,11.4 ,8.2 
Paraguay, 2011,11.4 ,8.2 
Paraguay, 2010,11.5 ,8.2 
Paraguay, 2009,11.5 ,8.3 
Paraguay, 2008,11.6 ,8.3 
Paraguay, 2007,11.6 ,8.3 
Paraguay, 2006,11.7 ,8.4 
Paraguay, 2005,11.7 ,8.4 
Paraguay, 2004,11.8 ,8.5 
Paraguay, 2003,11.9 ,8.5 
Paraguay, 2002,12.0 ,8.5 
Paraguay, 2001,12.2 ,8.6 
Paraguay, 2000,12.3 ,8.6 
Peru, 2015,57.8 ,9.4 
Peru, 2014,58.2 ,9.4 
Peru, 2013,58.5 ,9.5 
Peru, 2012,58.7 ,9.5 
Peru, 2011,58.8 ,9.5 
Peru, 2010,58.9 ,9.6 
Peru, 2009,58.9 ,9.6 
Peru, 2008,58.9 ,9.7 
Peru, 2007,59.1 ,9.7 
Peru, 2006,59.4 ,9.7 
Peru, 2005,59.7 ,9.8 
Peru, 2004,60.2 ,9.8 
Peru, 2003,60.8 ,9.9 
Peru, 2002,61.6 ,10.0 
Peru, 2001,62.4 ,10.0 
Peru, 2000,63.3 ,10.1 
Philippines, 2015,480.7 ,20.1 
Philippines, 2014,480.2 ,20.2 
Philippines, 2013,479.8 ,20.3 
Philippines, 2012,479.5 ,20.4 
Philippines, 2011,479.4 ,20.5 
Philippines, 2010,479.7 ,20.6 
Philippines, 2009,481.3 ,20.6 
Philippines, 2008,484.0 ,20.7 
Philippines, 2007,487.6 ,20.8 
Philippines, 2006,491.4 ,20.9 
Philippines, 2005,495.3 ,21.0 
Philippines, 2004,498.3 ,21.1 
Philippines, 2003,500.4 ,21.2 
Philippines, 2002,501.2 ,21.3 
Philippines, 2001,500.4 ,21.4 
Philippines, 2000,498.1 ,21.5 
Poland, 2015,21.7 ,5.9 
Poland, 2014,21.7 ,5.8 
Poland, 2013,21.8 ,5.7 
Poland, 2012,22.0 ,5.7 
Poland, 2011,22.4 ,5.7 
Poland, 2010,22.7 ,5.7 
Poland, 2009,23.0 ,5.7 
Poland, 2008,23.1 ,5.8 
Poland, 2007,23.1 ,5.9 
Poland, 2006,22.9 ,5.9 
Poland, 2005,22.6 ,6.0 
Poland, 2004,22.3 ,6.0 
Poland, 2003,22.0 ,6.0 
Poland, 2002,21.8 ,5.9 
Poland, 2001,21.6 ,5.8 
Poland, 2000,21.5 ,5.7 
Portugal, 2015,7.4 ,8.9 
Portugal, 2014,7.5 ,8.8 
Portugal, 2013,7.6 ,8.6 
Portugal, 2012,7.7 ,8.5 
Portugal, 2011,7.8 ,8.4 
Portugal, 2010,7.9 ,8.2 
Portugal, 2009,8.0 ,8.1 
Portugal, 2008,8.1 ,7.9 
Portugal, 2007,8.2 ,7.8 
Portugal, 2006,8.2 ,7.7 
Portugal, 2005,8.3 ,7.6 
Portugal, 2004,8.3 ,7.5 
Portugal, 2003,8.3 ,7.5 
Portugal, 2002,8.4 ,7.4 
Portugal, 2001,8.4 ,7.4 
Portugal, 2000,8.4 ,7.4 
Qatar, 2015,1.8 ,7.3 
Qatar, 2014,1.8 ,7.4 
Qatar, 2013,1.7 ,7.4 
Qatar, 2012,1.7 ,7.5 
Qatar, 2011,1.6 ,7.6 
Qatar, 2010,1.5 ,7.7 
Qatar, 2009,1.5 ,7.8 
Qatar, 2008,1.4 ,7.9 
Qatar, 2007,1.3 ,8.1 
Qatar, 2006,1.3 ,8.2 
Qatar, 2005,1.2 ,8.3 
Qatar, 2004,1.2 ,8.5 
Qatar, 2003,1.2 ,8.6 
Qatar, 2002,1.1 ,8.8 
Qatar, 2001,1.1 ,8.9 
Qatar, 2000,1.1 ,9.1 
Republic of Korea, 2015,25.9 ,5.8 
Republic of Korea, 2014,25.4 ,5.7 
Republic of Korea, 2013,24.7 ,5.5 
Republic of Korea, 2012,24.1 ,5.4 
Republic of Korea, 2011,23.5 ,5.2 
Republic of Korea, 2010,22.8 ,5.1 
Republic of Korea, 2009,22.2 ,4.9 
Republic of Korea, 2008,21.6 ,4.8 
Republic of Korea, 2007,21.1 ,4.6 
Republic of Korea, 2006,20.7 ,4.5 
Republic of Korea, 2005,20.4 ,4.3 
Republic of Korea, 2004,20.3 ,4.2 
Republic of Korea, 2003,20.4 ,4.1 
Republic of Korea, 2002,20.7 ,4.0 
Republic of Korea, 2001,21.2 ,3.9 
Republic of Korea, 2000,21.9 ,3.8 
Republic of Moldova, 2015,2.1 ,5.0 
Republic of Moldova, 2014,2.2 ,5.0 
Republic of Moldova, 2013,2.2 ,5.0 
Republic of Moldova, 2012,2.3 ,5.0 
Republic of Moldova, 2011,2.3 ,5.1 
Republic of Moldova, 2010,2.3 ,5.1 
Republic of Moldova, 2009,2.3 ,5.1 
Republic of Moldova, 2008,2.3 ,5.1 
Republic of Moldova, 2007,2.2 ,5.1 
Republic of Moldova, 2006,2.2 ,5.1 
Republic of Moldova, 2005,2.2 ,5.1 
Republic of Moldova, 2004,2.2 ,5.2 
Republic of Moldova, 2003,2.2 ,5.2 
Republic of Moldova, 2002,2.3 ,5.3 
Republic of Moldova, 2001,2.4 ,5.4 
Republic of Moldova, 2000,2.6 ,5.5 
North Macedonia, 2015,2.1 ,9.1 
North Macedonia, 2014,2.1 ,8.9 
North Macedonia, 2013,2.1 ,8.9 
North Macedonia, 2012,2.0 ,8.8 
North Macedonia, 2011,2.0 ,8.7 
North Macedonia, 2010,2.0 ,8.7 
North Macedonia, 2009,2.0 ,8.7 
North Macedonia, 2008,2.0 ,8.7 
North Macedonia, 2007,2.0 ,8.7 
North Macedonia, 2006,2.0 ,8.7 
North Macedonia, 2005,2.1 ,8.7 
North Macedonia, 2004,2.1 ,8.8 
North Macedonia, 2003,2.2 ,8.8 
North Macedonia, 2002,2.2 ,8.8 
North Macedonia, 2001,2.3 ,8.9 
North Macedonia, 2000,2.3 ,8.9 
Romania, 2015,15.7 ,8.2 
Romania, 2014,16.0 ,8.2 
Romania, 2013,16.3 ,8.2 
Romania, 2012,16.6 ,8.3 
Romania, 2011,17.0 ,8.3 
Romania, 2010,17.4 ,8.3 
Romania, 2009,17.7 ,8.4 
Romania, 2008,18.1 ,8.4 
Romania, 2007,18.4 ,8.5 
Romania, 2006,18.7 ,8.6 
Romania, 2005,18.9 ,8.6 
Romania, 2004,19.0 ,8.7 
Romania, 2003,19.1 ,8.7 
Romania, 2002,19.2 ,8.8 
Romania, 2001,19.4 ,8.8 
Romania, 2000,19.6 ,8.8 
Russian Federation, 2015,107.5 ,5.8 
Russian Federation, 2014,110.7 ,6.0 
Russian Federation, 2013,111.7 ,6.0 
Russian Federation, 2012,110.9 ,6.0 
Russian Federation, 2011,108.5 ,6.0 
Russian Federation, 2010,105.0 ,6.0 
Russian Federation, 2009,100.9 ,5.9 
Russian Federation, 2008,96.7 ,5.8 
Russian Federation, 2007,93.0 ,5.8 
Russian Federation, 2006,90.0 ,5.8 
Russian Federation, 2005,88.1 ,5.8 
Russian Federation, 2004,87.2 ,5.9 
Russian Federation, 2003,87.6 ,6.1 
Russian Federation, 2002,89.2 ,6.4 
Russian Federation, 2001,92.5 ,6.8 
Russian Federation, 2000,97.7 ,7.4 
Rwanda, 2015,29.1 ,7.9 
Rwanda, 2014,29.3 ,8.0 
Rwanda, 2013,29.6 ,8.0 
Rwanda, 2012,29.9 ,8.2 
Rwanda, 2011,30.2 ,8.3 
Rwanda, 2010,30.5 ,8.4 
Rwanda, 2009,30.8 ,8.6 
Rwanda, 2008,31.0 ,8.7 
Rwanda, 2007,31.1 ,8.8 
Rwanda, 2006,31.3 ,9.0 
Rwanda, 2005,31.5 ,9.2 
Rwanda, 2004,31.7 ,9.4 
Rwanda, 2003,31.8 ,9.6 
Rwanda, 2002,31.9 ,9.9 
Rwanda, 2001,31.9 ,10.1 
Rwanda, 2000,31.8 ,10.3 
San Marino, 2015,0.0 ,3.3 
San Marino, 2014,0.0 ,3.3 
San Marino, 2013,0.0 ,3.3 
San Marino, 2012,0.0 ,3.3 
San Marino, 2011,0.0 ,3.3 
San Marino, 2010,0.0 ,3.3 
San Marino, 2009,0.0 ,3.3 
San Marino, 2008,0.0 ,3.3 
San Marino, 2007,0.0 ,3.3 
San Marino, 2006,0.0 ,3.3 
San Marino, 2005,0.0 ,3.3 
San Marino, 2004,0.0 ,3.3 
San Marino, 2003,0.0 ,3.3 
San Marino, 2002,0.0 ,3.3 
San Marino, 2001,0.0 ,3.3 
San Marino, 2000,0.0 ,3.3 
Sao Tome and Principe, 2015,0.4 ,6.6 
Sao Tome and Principe, 2014,0.4 ,6.6 
Sao Tome and Principe, 2013,0.4 ,6.7 
Sao Tome and Principe, 2012,0.4 ,6.7 
Sao Tome and Principe, 2011,0.4 ,6.7 
Sao Tome and Principe, 2010,0.4 ,6.8 
Sao Tome and Principe, 2009,0.4 ,6.8 
Sao Tome and Principe, 2008,0.4 ,6.8 
Sao Tome and Principe, 2007,0.4 ,6.9 
Sao Tome and Principe, 2006,0.4 ,6.9 
Sao Tome and Principe, 2005,0.4 ,7.0 
Sao Tome and Principe, 2004,0.4 ,7.0 
Sao Tome and Principe, 2003,0.4 ,7.1 
Sao Tome and Principe, 2002,0.4 ,7.1 
Sao Tome and Principe, 2001,0.4 ,7.2 
Sao Tome and Principe, 2000,0.4 ,7.2 
Senegal, 2015,100.1 ,18.5 
Senegal, 2014,99.5 ,18.6 
Senegal, 2013,98.7 ,18.7 
Senegal, 2012,97.8 ,18.9 
Senegal, 2011,96.9 ,19.1 
Senegal, 2010,95.8 ,19.3 
Senegal, 2009,94.5 ,19.5 
Senegal, 2008,93.2 ,19.8 
Senegal, 2007,92.0 ,20.0 
Senegal, 2006,90.8 ,20.3 
Senegal, 2005,89.6 ,20.6 
Senegal, 2004,88.7 ,20.9 
Senegal, 2003,87.8 ,21.2 
Senegal, 2002,87.0 ,21.5 
Senegal, 2001,86.3 ,21.7 
Senegal, 2000,85.5 ,22.0 
Serbia, 2015,4.3 ,4.5 
Serbia, 2014,4.3 ,4.5 
Serbia, 2013,4.3 ,4.5 
Serbia, 2012,4.3 ,4.6 
Serbia, 2011,4.4 ,4.6 
Serbia, 2010,4.4 ,4.6 
Serbia, 2009,4.5 ,4.6 
Serbia, 2008,4.5 ,4.6 
Serbia, 2007,4.6 ,4.6 
Serbia, 2006,4.7 ,4.6 
Serbia, 2005,4.8 ,4.6 
Serbia, 2004,5.0 ,4.6 
Serbia, 2003,5.1 ,4.7 
Serbia, 2002,5.3 ,4.7 
Serbia, 2001,5.4 ,4.7 
Serbia, 2000,5.6 ,4.7 
Seychelles, 2015,0.2 ,11.7 
Seychelles, 2014,0.2 ,11.4 
Seychelles, 2013,0.2 ,11.2 
Seychelles, 2012,0.2 ,11.0 
Seychelles, 2011,0.2 ,10.9 
Seychelles, 2010,0.2 ,10.8 
Seychelles, 2009,0.2 ,10.7 
Seychelles, 2008,0.2 ,10.7 
Seychelles, 2007,0.2 ,10.6 
Seychelles, 2006,0.2 ,10.5 
Seychelles, 2005,0.2 ,10.3 
Seychelles, 2004,0.2 ,10.2 
Seychelles, 2003,0.2 ,10.0 
Seychelles, 2002,0.2 ,9.7 
Seychelles, 2001,0.1 ,9.4 
Seychelles, 2000,0.1 ,9.0 
Sierra Leone, 2015,37.2 ,14.4 
Sierra Leone, 2014,37.5 ,14.6 
Sierra Leone, 2013,37.9 ,14.8 
Sierra Leone, 2012,38.3 ,14.9 
Sierra Leone, 2011,38.8 ,15.1 
Sierra Leone, 2010,39.2 ,15.3 
Sierra Leone, 2009,39.6 ,15.6 
Sierra Leone, 2008,39.9 ,15.8 
Sierra Leone, 2007,40.1 ,16.0 
Sierra Leone, 2006,40.0 ,16.2 
Sierra Leone, 2005,39.8 ,16.4 
Sierra Leone, 2004,39.3 ,16.6 
Sierra Leone, 2003,38.7 ,16.7 
Sierra Leone, 2002,38.0 ,16.9 
Sierra Leone, 2001,37.4 ,17.1 
Sierra Leone, 2000,36.8 ,17.2 
Singapore, 2015,4.8 ,9.6 
Singapore, 2014,4.8 ,9.6 
Singapore, 2013,4.8 ,9.6 
Singapore, 2012,4.7 ,9.7 
Singapore, 2011,4.7 ,9.7 
Singapore, 2010,4.7 ,9.7 
Singapore, 2009,4.7 ,9.7 
Singapore, 2008,4.7 ,9.7 
Singapore, 2007,4.6 ,9.7 
Singapore, 2006,4.6 ,9.7 
Singapore, 2005,4.6 ,9.7 
Singapore, 2004,4.6 ,9.7 
Singapore, 2003,4.6 ,9.7 
Singapore, 2002,4.7 ,9.8 
Singapore, 2001,4.8 ,9.8 
Singapore, 2000,4.9 ,9.8 
Slovakia, 2015,4.3 ,7.6 
Slovakia, 2014,4.5 ,7.8 
Slovakia, 2013,4.5 ,8.0 
Slovakia, 2012,4.6 ,8.0 
Slovakia, 2011,4.6 ,8.0 
Slovakia, 2010,4.5 ,7.9 
Slovakia, 2009,4.4 ,7.8 
Slovakia, 2008,4.3 ,7.7 
Slovakia, 2007,4.2 ,7.5 
Slovakia, 2006,4.0 ,7.4 
Slovakia, 2005,3.9 ,7.2 
Slovakia, 2004,3.7 ,7.1 
Slovakia, 2003,3.7 ,7.0 
Slovakia, 2002,3.6 ,6.9 
Slovakia, 2001,3.6 ,6.8 
Slovakia, 2000,3.7 ,6.8 
Slovenia, 2015,1.3 ,6.1 
Slovenia, 2014,1.3 ,6.2 
Slovenia, 2013,1.3 ,6.2 
Slovenia, 2012,1.3 ,6.2 
Slovenia, 2011,1.3 ,6.2 
Slovenia, 2010,1.3 ,6.2 
Slovenia, 2009,1.3 ,6.2 
Slovenia, 2008,1.3 ,6.1 
Slovenia, 2007,1.2 ,6.1 
Slovenia, 2006,1.2 ,6.1 
Slovenia, 2005,1.1 ,6.0 
Slovenia, 2004,1.1 ,6.0 
Slovenia, 2003,1.1 ,5.9 
Slovenia, 2002,1.0 ,5.8 
Slovenia, 2001,1.0 ,5.7 
Slovenia, 2000,1.0 ,5.6 
South Africa, 2015,167.1 ,14.2 
South Africa, 2014,167.5 ,14.2 
South Africa, 2013,167.6 ,14.2 
South Africa, 2012,167.6 ,14.3 
South Africa, 2011,167.4 ,14.3 
South Africa, 2010,167.1 ,14.3 
South Africa, 2009,166.7 ,14.4 
South Africa, 2008,166.5 ,14.4 
South Africa, 2007,166.4 ,14.5 
South Africa, 2006,166.5 ,14.6 
South Africa, 2005,166.6 ,14.6 
South Africa, 2004,166.8 ,14.7 
South Africa, 2003,166.7 ,14.8 
South Africa, 2002,166.8 ,14.9 
South Africa, 2001,166.9 ,14.9 
South Africa, 2000,166.9 ,15.0 
Spain, 2015,34.3 ,8.3 
Spain, 2014,35.0 ,8.3 
Spain, 2013,35.7 ,8.2 
Spain, 2012,36.5 ,8.2 
Spain, 2011,37.2 ,8.1 
Spain, 2010,37.8 ,8.1 
Spain, 2009,38.1 ,8.0 
Spain, 2008,38.1 ,7.9 
Spain, 2007,37.7 ,7.9 
Spain, 2006,37.0 ,7.8 
Spain, 2005,35.9 ,7.7 
Spain, 2004,34.5 ,7.6 
Spain, 2003,33.0 ,7.4 
Spain, 2002,31.3 ,7.3 
Spain, 2001,29.7 ,7.2 
Spain, 2000,28.2 ,7.0 
Sri Lanka, 2015,51.3 ,15.9 
Sri Lanka, 2014,53.0 ,16.1 
Sri Lanka, 2013,54.8 ,16.4 
Sri Lanka, 2012,56.6 ,16.6 
Sri Lanka, 2011,58.3 ,16.8 
Sri Lanka, 2010,59.9 ,17.0 
Sri Lanka, 2009,61.3 ,17.1 
Sri Lanka, 2008,62.4 ,17.2 
Sri Lanka, 2007,63.0 ,17.3 
Sri Lanka, 2006,63.2 ,17.3 
Sri Lanka, 2005,62.9 ,17.3 
Sri Lanka, 2004,62.3 ,17.2 
Sri Lanka, 2003,61.3 ,17.1 
Sri Lanka, 2002,60.0 ,16.9 
Sri Lanka, 2001,58.5 ,16.7 
Sri Lanka, 2000,56.9 ,16.3 
Suriname, 2015,1.5 ,14.7 
Suriname, 2014,1.5 ,14.7 
Suriname, 2013,1.5 ,14.8 
Suriname, 2012,1.5 ,14.9 
Suriname, 2011,1.5 ,14.9 
Suriname, 2010,1.5 ,15.0 
Suriname, 2009,1.6 ,15.1 
Suriname, 2008,1.6 ,15.2 
Suriname, 2007,1.6 ,15.2 
Suriname, 2006,1.6 ,15.3 
Suriname, 2005,1.6 ,15.4 
Suriname, 2004,1.7 ,15.5 
Suriname, 2003,1.7 ,15.6 
Suriname, 2002,1.7 ,15.8 
Suriname, 2001,1.7 ,15.9 
Suriname, 2000,1.8 ,16.0 
Sweden, 2015,2.9 ,2.4 
Sweden, 2014,3.5 ,3.0 
Sweden, 2013,4.0 ,3.4 
Sweden, 2012,4.3 ,3.8 
Sweden, 2011,4.6 ,4.0 
Sweden, 2010,4.7 ,4.2 
Sweden, 2009,4.8 ,4.3 
Sweden, 2008,4.7 ,4.3 
Sweden, 2007,4.6 ,4.3 
Sweden, 2006,4.5 ,4.3 
Sweden, 2005,4.4 ,4.2 
Sweden, 2004,4.2 ,4.2 
Sweden, 2003,4.1 ,4.2 
Sweden, 2002,4.0 ,4.2 
Sweden, 2001,4.0 ,4.3 
Sweden, 2000,4.1 ,4.5 
Switzerland, 2015,5.6 ,6.5 
Switzerland, 2014,5.6 ,6.5 
Switzerland, 2013,5.5 ,6.5 
Switzerland, 2012,5.4 ,6.5 
Switzerland, 2011,5.3 ,6.5 
Switzerland, 2010,5.2 ,6.5 
Switzerland, 2009,5.1 ,6.5 
Switzerland, 2008,5.0 ,6.5 
Switzerland, 2007,4.9 ,6.4 
Switzerland, 2006,4.8 ,6.4 
Switzerland, 2005,4.7 ,6.3 
Switzerland, 2004,4.6 ,6.3 
Switzerland, 2003,4.6 ,6.2 
Switzerland, 2002,4.6 ,6.1 
Switzerland, 2001,4.6 ,6.1 
Switzerland, 2000,4.6 ,6.0 
Tajikistan, 2015,14.1 ,5.6 
Tajikistan, 2014,14.0 ,5.6 
Tajikistan, 2013,13.9 ,5.7 
Tajikistan, 2012,13.7 ,5.7 
Tajikistan, 2011,13.5 ,5.7 
Tajikistan, 2010,13.2 ,5.7 
Tajikistan, 2009,12.9 ,5.8 
Tajikistan, 2008,12.5 ,5.8 
Tajikistan, 2007,12.2 ,5.8 
Tajikistan, 2006,11.8 ,5.8 
Tajikistan, 2005,11.6 ,5.9 
Tajikistan, 2004,11.4 ,5.9 
Tajikistan, 2003,11.3 ,6.0 
Tajikistan, 2002,11.3 ,6.0 
Tajikistan, 2001,11.4 ,6.1 
Tajikistan, 2000,11.6 ,6.2 
Thailand, 2015,76.3 ,10.5 
Thailand, 2014,78.8 ,10.6 
Thailand, 2013,80.9 ,10.7 
Thailand, 2012,82.8 ,10.8 
Thailand, 2011,84.5 ,10.8 
Thailand, 2010,86.0 ,10.8 
Thailand, 2009,87.5 ,10.9 
Thailand, 2008,89.0 ,10.9 
Thailand, 2007,90.8 ,11.0 
Thailand, 2006,93.0 ,11.2 
Thailand, 2005,95.7 ,11.4 
Thailand, 2004,99.1 ,11.6 
Thailand, 2003,103.5 ,11.9 
Thailand, 2002,108.9 ,12.4 
Thailand, 2001,115.5 ,12.9 
Thailand, 2000,123.6 ,13.5 
Togo, 2015,41.2 ,16.1 
Togo, 2014,41.0 ,16.2 
Togo, 2013,40.8 ,16.3 
Togo, 2012,40.6 ,16.3 
Togo, 2011,40.3 ,16.4 
Togo, 2010,40.0 ,16.5 
Togo, 2009,39.8 ,16.6 
Togo, 2008,39.4 ,16.7 
Togo, 2007,39.1 ,16.9 
Togo, 2006,38.8 ,17.0 
Togo, 2005,38.4 ,17.2 
Togo, 2004,37.8 ,17.3 
Togo, 2003,37.2 ,17.4 
Togo, 2002,36.4 ,17.6 
Togo, 2001,35.7 ,17.7 
Togo, 2000,34.9 ,17.8 
Trinidad and Tobago, 2015,2.3 ,12.4 
Trinidad and Tobago, 2014,2.4 ,12.4 
Trinidad and Tobago, 2013,2.5 ,12.5 
Trinidad and Tobago, 2012,2.5 ,12.5 
Trinidad and Tobago, 2011,2.5 ,12.6 
Trinidad and Tobago, 2010,2.6 ,12.6 
Trinidad and Tobago, 2009,2.6 ,12.7 
Trinidad and Tobago, 2008,2.6 ,12.7 
Trinidad and Tobago, 2007,2.6 ,12.8 
Trinidad and Tobago, 2006,2.5 ,12.8 
Trinidad and Tobago, 2005,2.5 ,12.9 
Trinidad and Tobago, 2004,2.5 ,12.9 
Trinidad and Tobago, 2003,2.5 ,13.0 
Trinidad and Tobago, 2002,2.5 ,13.0 
Trinidad and Tobago, 2001,2.5 ,13.0 
Trinidad and Tobago, 2000,2.4 ,13.1 
Tunisia, 2015,15.7 ,7.5 
Tunisia, 2014,15.8 ,7.5 
Tunisia, 2013,15.7 ,7.5 
Tunisia, 2012,15.5 ,7.5 
Tunisia, 2011,15.2 ,7.6 
Tunisia, 2010,14.8 ,7.6 
Tunisia, 2009,14.3 ,7.6 
Tunisia, 2008,13.9 ,7.7 
Tunisia, 2007,13.6 ,7.7 
Tunisia, 2006,13.3 ,7.8 
Tunisia, 2005,13.1 ,7.8 
Tunisia, 2004,13.1 ,7.9 
Tunisia, 2003,13.1 ,8.0 
Tunisia, 2002,13.2 ,8.0 
Tunisia, 2001,13.5 ,8.1 
Tunisia, 2000,13.8 ,8.2 
Turkey, 2015,147.5 ,11.4 
Turkey, 2014,148.5 ,11.4 
Turkey, 2013,149.6 ,11.5 
Turkey, 2012,150.6 ,11.6 
Turkey, 2011,151.7 ,11.6 
Turkey, 2010,152.8 ,11.7 
Turkey, 2009,154.1 ,11.8 
Turkey, 2008,155.6 ,11.9 
Turkey, 2007,157.4 ,12.0 
Turkey, 2006,159.4 ,12.1 
Turkey, 2005,161.7 ,12.2 
Turkey, 2004,164.5 ,12.3 
Turkey, 2003,167.5 ,12.5 
Turkey, 2002,170.7 ,12.6 
Turkey, 2001,173.8 ,12.8 
Turkey, 2000,176.8 ,12.9 
Turkmenistan, 2015,7.1 ,4.9 
Turkmenistan, 2014,7.1 ,5.0 
Turkmenistan, 2013,7.1 ,5.0 
Turkmenistan, 2012,7.0 ,5.0 
Turkmenistan, 2011,6.8 ,5.0 
Turkmenistan, 2010,6.6 ,5.1 
Turkmenistan, 2009,6.3 ,5.1 
Turkmenistan, 2008,6.1 ,5.1 
Turkmenistan, 2007,5.9 ,5.1 
Turkmenistan, 2006,5.8 ,5.2 
Turkmenistan, 2005,5.7 ,5.2 
Turkmenistan, 2004,5.7 ,5.2 
Turkmenistan, 2003,5.7 ,5.3 
Turkmenistan, 2002,5.7 ,5.3 
Turkmenistan, 2001,5.7 ,5.4 
Turkmenistan, 2000,5.8 ,5.4 
Ukraine, 2015,27.0 ,5.6 
Ukraine, 2014,26.8 ,5.5 
Ukraine, 2013,26.6 ,5.4 
Ukraine, 2012,26.3 ,5.4 
Ukraine, 2011,26.1 ,5.3 
Ukraine, 2010,25.7 ,5.2 
Ukraine, 2009,25.3 ,5.2 
Ukraine, 2008,24.7 ,5.2 
Ukraine, 2007,24.0 ,5.1 
Ukraine, 2006,23.2 ,5.1 
Ukraine, 2005,22.5 ,5.1 
Ukraine, 2004,21.9 ,5.2 
Ukraine, 2003,21.4 ,5.2 
Ukraine, 2002,21.2 ,5.3 
Ukraine, 2001,21.4 ,5.3 
Ukraine, 2000,21.9 ,5.4 
United Arab Emirates, 2015,11.6 ,12.7 
United Arab Emirates, 2014,11.8 ,12.7 
United Arab Emirates, 2013,11.8 ,12.7 
United Arab Emirates, 2012,11.8 ,12.7 
United Arab Emirates, 2011,11.7 ,12.8 
United Arab Emirates, 2010,11.5 ,12.8 
United Arab Emirates, 2009,11.2 ,12.8 
United Arab Emirates, 2008,10.7 ,12.8 
United Arab Emirates, 2007,10.2 ,12.8 
United Arab Emirates, 2006,9.6 ,12.9 
United Arab Emirates, 2005,9.1 ,12.9 
United Arab Emirates, 2004,8.5 ,12.9 
United Arab Emirates, 2003,8.0 ,12.9 
United Arab Emirates, 2002,7.6 ,13.0 
United Arab Emirates, 2001,7.2 ,13.0 
United Arab Emirates, 2000,6.9 ,13.0 
United Kingdom of Great Britain and Northern Ireland, 2015,56.0 ,7.0 
United Kingdom of Great Britain and Northern Ireland, 2014,55.7 ,6.9 
United Kingdom of Great Britain and Northern Ireland, 2013,55.6 ,6.9 
United Kingdom of Great Britain and Northern Ireland, 2012,55.6 ,6.9 
United Kingdom of Great Britain and Northern Ireland, 2011,55.8 ,7.0 
United Kingdom of Great Britain and Northern Ireland, 2010,55.9 ,7.0 
United Kingdom of Great Britain and Northern Ireland, 2009,55.9 ,7.1 
United Kingdom of Great Britain and Northern Ireland, 2008,55.6 ,7.2 
United Kingdom of Great Britain and Northern Ireland, 2007,55.0 ,7.2 
United Kingdom of Great Britain and Northern Ireland, 2006,54.1 ,7.3 
United Kingdom of Great Britain and Northern Ireland, 2005,53.2 ,7.3 
United Kingdom of Great Britain and Northern Ireland, 2004,52.3 ,7.4 
United Kingdom of Great Britain and Northern Ireland, 2003,51.5 ,7.4 
United Kingdom of Great Britain and Northern Ireland, 2002,51.0 ,7.4 
United Kingdom of Great Britain and Northern Ireland, 2001,50.8 ,7.4 
United Kingdom of Great Britain and Northern Ireland, 2000,50.7 ,7.3 
United Republic of Tanzania, 2015,219.0 ,10.5 
United Republic of Tanzania, 2014,216.5 ,10.6 
United Republic of Tanzania, 2013,214.0 ,10.6 
United Republic of Tanzania, 2012,211.7 ,10.7 
United Republic of Tanzania, 2011,209.5 ,10.8 
United Republic of Tanzania, 2010,207.3 ,10.9 
United Republic of Tanzania, 2009,205.0 ,11.0 
United Republic of Tanzania, 2008,202.6 ,11.2 
United Republic of Tanzania, 2007,200.0 ,11.3 
United Republic of Tanzania, 2006,197.3 ,11.4 
United Republic of Tanzania, 2005,194.3 ,11.6 
United Republic of Tanzania, 2004,191.1 ,11.7 
United Republic of Tanzania, 2003,188.0 ,11.9 
United Republic of Tanzania, 2002,185.0 ,12.1 
United Republic of Tanzania, 2001,182.1 ,12.3 
United Republic of Tanzania, 2000,179.4 ,12.4 
United States of America, 2015,321.1 ,8.0 
United States of America, 2014,319.2 ,8.0 
United States of America, 2013,319.3 ,8.0 
United States of America, 2012,321.1 ,8.1 
United States of America, 2011,324.5 ,8.1 
United States of America, 2010,328.7 ,8.1 
United States of America, 2009,333.0 ,8.2 
United States of America, 2008,336.5 ,8.2 
United States of America, 2007,338.5 ,8.2 
United States of America, 2006,338.6 ,8.2 
United States of America, 2005,336.4 ,8.2 
United States of America, 2004,332.0 ,8.1 
United States of America, 2003,325.6 ,8.0 
United States of America, 2002,317.6 ,7.9 
United States of America, 2001,308.1 ,7.7 
United States of America, 2000,297.3 ,7.5 
Uruguay, 2015,3.7 ,7.6 
Uruguay, 2014,3.7 ,7.7 
Uruguay, 2013,3.8 ,7.8 
Uruguay, 2012,3.9 ,7.9 
Uruguay, 2011,4.0 ,8.1 
Uruguay, 2010,4.1 ,8.2 
Uruguay, 2009,4.2 ,8.4 
Uruguay, 2008,4.3 ,8.5 
Uruguay, 2007,4.4 ,8.6 
Uruguay, 2006,4.5 ,8.7 
Uruguay, 2005,4.5 ,8.7 
Uruguay, 2004,4.5 ,8.7 
Uruguay, 2003,4.5 ,8.6 
Uruguay, 2002,4.5 ,8.4 
Uruguay, 2001,4.4 ,8.1 
Uruguay, 2000,4.2 ,7.7 
Uzbekistan, 2015,34.9 ,5.3 
Uzbekistan, 2014,35.1 ,5.3 
Uzbekistan, 2013,35.3 ,5.3 
Uzbekistan, 2012,35.3 ,5.3 
Uzbekistan, 2011,35.2 ,5.4 
Uzbekistan, 2010,34.9 ,5.4 
Uzbekistan, 2009,34.5 ,5.4 
Uzbekistan, 2008,34.0 ,5.5 
Uzbekistan, 2007,33.3 ,5.5 
Uzbekistan, 2006,32.6 ,5.5 
Uzbekistan, 2005,32.0 ,5.6 
Uzbekistan, 2004,31.5 ,5.6 
Uzbekistan, 2003,31.3 ,5.7 
Uzbekistan, 2002,31.4 ,5.7 
Uzbekistan, 2001,31.8 ,5.7 
Uzbekistan, 2000,32.6 ,5.8 
Vanuatu, 2015,0.8 ,10.9 
Vanuatu, 2014,0.7 ,10.9 
Vanuatu, 2013,0.7 ,11.0 
Vanuatu, 2012,0.7 ,11.0 
Vanuatu, 2011,0.7 ,11.0 
Vanuatu, 2010,0.7 ,11.0 
Vanuatu, 2009,0.7 ,11.0 
Vanuatu, 2008,0.7 ,11.0 
Vanuatu, 2007,0.7 ,11.0 
Vanuatu, 2006,0.7 ,11.0 
Vanuatu, 2005,0.7 ,11.0 
Vanuatu, 2004,0.7 ,11.0 
Vanuatu, 2003,0.7 ,11.0 
Vanuatu, 2002,0.7 ,11.0 
Vanuatu, 2001,0.7 ,11.1 
Vanuatu, 2000,0.7 ,11.1 
Venezuela (Bolivarian Republic of), 2015,54.8 ,9.1 
Venezuela (Bolivarian Republic of), 2014,53.4 ,8.8 
Venezuela (Bolivarian Republic of), 2013,52.3 ,8.7 
Venezuela (Bolivarian Republic of), 2012,51.7 ,8.6 
Venezuela (Bolivarian Republic of), 2011,51.3 ,8.5 
Venezuela (Bolivarian Republic of), 2010,51.2 ,8.5 
Venezuela (Bolivarian Republic of), 2009,51.2 ,8.5 
Venezuela (Bolivarian Republic of), 2008,51.4 ,8.6 
Venezuela (Bolivarian Republic of), 2007,51.7 ,8.6 
Venezuela (Bolivarian Republic of), 2006,51.9 ,8.7 
Venezuela (Bolivarian Republic of), 2005,52.1 ,8.8 
Venezuela (Bolivarian Republic of), 2004,52.2 ,8.8 
Venezuela (Bolivarian Republic of), 2003,52.1 ,8.8 
Venezuela (Bolivarian Republic of), 2002,51.7 ,8.8 
Venezuela (Bolivarian Republic of), 2001,51.2 ,8.7 
Venezuela (Bolivarian Republic of), 2000,50.3 ,8.6 
Viet Nam, 2015,129.9 ,8.2 
Viet Nam, 2014,130.9 ,8.3 
Viet Nam, 2013,131.5 ,8.3 
Viet Nam, 2012,131.8 ,8.4 
Viet Nam, 2011,131.7 ,8.4 
Viet Nam, 2010,131.0 ,8.5 
Viet Nam, 2009,129.7 ,8.5 
Viet Nam, 2008,128.0 ,8.5 
Viet Nam, 2007,126.2 ,8.5 
Viet Nam, 2006,124.6 ,8.6 
Viet Nam, 2005,123.5 ,8.6 
Viet Nam, 2004,123.0 ,8.7 
Viet Nam, 2003,123.1 ,8.8 
Viet Nam, 2002,124.2 ,8.9 
Viet Nam, 2001,126.4 ,9.1 
Viet Nam, 2000,130.1 ,9.2 
Zambia, 2015,71.9 ,11.6 
Zambia, 2014,71.0 ,11.7 
Zambia, 2013,70.1 ,11.8 
Zambia, 2012,69.3 ,11.9 
Zambia, 2011,68.7 ,12.0 
Zambia, 2010,68.0 ,12.1 
Zambia, 2009,67.3 ,12.2 
Zambia, 2008,66.6 ,12.3 
Zambia, 2007,66.1 ,12.4 
Zambia, 2006,65.6 ,12.5 
Zambia, 2005,65.3 ,12.6 
Zambia, 2004,65.1 ,12.8 
Zambia, 2003,65.0 ,13.0 
Zambia, 2002,64.9 ,13.2 
Zambia, 2001,64.5 ,13.3 
Zambia, 2000,63.6 ,13.5 
Zimbabwe, 2015,67.6 ,12.6 
Zimbabwe, 2014,67.8 ,12.7 
Zimbabwe, 2013,67.7 ,12.7 
Zimbabwe, 2012,67.4 ,12.8 
Zimbabwe, 2011,66.7 ,12.8 
Zimbabwe, 2010,65.7 ,12.9 
Zimbabwe, 2009,64.3 ,12.9 
Zimbabwe, 2008,62.6 ,12.8 
Zimbabwe, 2007,60.8 ,12.8 
Zimbabwe, 2006,59.0 ,12.7 
Zimbabwe, 2005,57.3 ,12.7 
Zimbabwe, 2004,55.7 ,12.6 
Zimbabwe, 2003,54.2 ,12.6 
Zimbabwe, 2002,52.9 ,12.5 
Zimbabwe, 2001,51.8 ,12.5 
Zimbabwe, 2000,50.8 ,12.4 
